Date,Mortgage,HE Revolving,Auto Loan,Credit Card,Student Loan,Other,Total,quarter,GDP_trillions,Mortgage_pct_gdp,HE Revolving_pct_gdp,Auto Loan_pct_gdp,Credit Card_pct_gdp,Student Loan_pct_gdp,Other_pct_gdp,Total_pct_gdp,date
03:Q1,4.942,0.242,0.641,0.688,0.2407,0.4776,7.2313,2003Q1,11.174129,44.227160792577216,2.1657168983819677,5.736465007697691,6.157079446639644,2.154082881985701,4.274158639120777,64.71466366640298,2003-01-01
03:Q2,5.08,0.26,0.622,0.693,0.2429,0.486,7.3839,2003Q2,11.312766,44.90502145982689,2.2982884999124,5.498213257482742,6.125822809381896,2.147131833187392,4.296031580605486,65.27050944039681,2003-04-01
03:Q3,5.183,0.269,0.684,0.693,0.2488,0.4773,7.5551,2003Q3,11.566669,44.80978923145462,2.325647945834709,5.913543475654055,5.991353258228449,2.1510082116121763,4.1265121358621055,65.31785425864612,2003-07-01
03:Q4,5.66,0.302,0.704,0.698,0.2529,0.4486,8.0655,2003Q4,11.772234000000001,48.079234578585506,2.5653584527796505,5.9801733468770655,5.929205960398,2.148275340092628,3.810661595751494,68.51290927448434,2003-10-01
04:Q1,5.84,0.328,0.72,0.695,0.2598,0.4465,8.2893,2004Q1,11.923447,48.979124912451915,2.750882358096615,6.038522249480373,5.828851338040082,2.178900111687501,3.744722478323592,69.52100344808008,2004-01-01
04:Q2,5.967,0.367,0.743,0.697,0.2629,0.4231,8.46,2004Q2,12.112815000000001,49.261876780913425,3.029848965744131,6.133999404762641,5.754236319138036,2.170428591537145,3.4929948158210946,69.84338487791649,2004-04-01
04:Q3,6.21,0.426,0.751,0.706,0.33,0.41,8.833,2004Q3,12.305307,50.4660306321492,3.4619209419155488,6.103057810747833,5.7373619366018245,2.681769743737397,3.3318957422191904,71.782036807371,2004-07-01
04:Q4,6.36,0.468,0.728,0.717,0.3457,0.4229,9.0416,2004Q4,12.527214,50.76946877414244,3.7358665701727456,5.811347998046492,5.72353916840568,2.7595920369844404,3.3758503686454144,72.17566491639721,2004-10-01
05:Q1,6.512,0.502,0.725,0.71,0.3636,0.3941,9.2067,2005Q1,12.767286,51.0053585390035,3.931924137988293,5.678575697293849,5.56108792424639,2.8479036186704048,3.086795423866905,72.11164534106935,2005-01-01
05:Q2,6.696,0.528,0.774,0.717,0.3744,0.4024,9.4918,2005Q2,12.922656000000002,51.81597343456329,4.085847367599973,5.989480800231779,5.548395004865872,2.8972372242981623,3.1139109483375544,73.45084477989663,2005-04-01
05:Q3,6.906,0.541,0.83,0.732,0.3777,0.4054,9.7921,2005Q3,13.142642,52.5465123374737,4.116371731041597,6.315320770359567,5.569656390244823,2.873851391523865,3.0846157112093593,74.5063283318529,2005-07-01
05:Q4,7.102,0.565,0.792,0.736,0.3917,0.4155,10.0022,2005Q4,13.324204,53.30149553399213,4.240403404210863,5.944069904663723,5.523782133626894,2.939762855627248,3.1183851583179,75.06789899043875,2005-10-01
06:Q1,7.436,0.582,0.788,0.723,0.4345,0.4183,10.3818,2006Q1,13.59916,54.67984787295686,4.279676097641325,5.794475541136364,5.316504842946182,3.19505028251745,3.075925277737743,76.34147991493593,2006-01-01
06:Q2,7.76,0.59,0.796,0.739,0.4389,0.4232,10.7471,2006Q2,13.753424,56.42231345445323,4.2898408425421914,5.787649679090822,5.373207428201152,3.191205331850454,3.077051939938738,78.14126867607659,2006-04-01
06:Q3,8.045,0.603,0.821,0.754,0.4467,0.4417,11.1114,2006Q3,13.870188,58.002097736526714,4.347453689885097,5.919169949246542,5.43611953925931,3.220576390168612,3.184527852109863,80.10994515719612,2006-07-01
06:Q4,8.234,0.604,0.821,0.767,0.4816,0.4057,11.3133,2006Q4,14.03956,58.64856163583474,4.302129126553823,5.84776161076273,5.463134172295998,3.4303069326958964,2.889691699739878,80.58158517788307,2006-10-01
07:Q1,8.422,0.605,0.794,0.764,0.5064,0.4039,11.4953,2007Q1,14.215651,59.24456080133088,4.255872629399808,5.58539316982388,5.3743581634073605,3.562270908310847,2.8412346363877394,80.86369030866051,2007-01-01
07:Q2,8.706,0.619,0.807,0.796,0.514,0.4078,11.8498,2007Q2,14.402082,60.449593329631085,4.297989693434602,5.603356514703916,5.526978668778584,3.568928436874613,2.831535051668224,82.27838169509103,2007-04-01
07:Q3,8.925,0.631,0.818,0.817,0.5285004,0.413,12.1325004,2007Q3,14.564117,61.280749117849034,4.33256612810787,5.616543728672325,5.609677538294974,3.6287843609056423,2.8357366258455627,83.3040574996754,2007-07-01
07:Q4,9.101,0.647,0.815,0.839,0.5475,0.4221,12.3716,2007Q4,14.715058,61.84821018034724,4.396856607700765,5.538544258541148,5.701642494375489,3.7206785049708944,2.868490222736465,84.074422268672,2007-10-01
08:Q1,9.234,0.663,0.808,0.837,0.5792,0.4153,12.5365,2008Q1,14.706538,62.78840064194578,4.508199006455496,5.494155048591314,5.691346257018477,3.938384411069417,2.8239140986138276,85.24439946369432,2008-01-01
08:Q2,9.273,0.679,0.81,0.85,0.5863,0.4008,12.5991,2008Q2,14.865701,62.378491266573974,4.567561260649599,5.448784419920729,5.717860193743975,3.9439781548142268,2.6961392537089237,84.75281454941144,2008-04-01
08:Q3,9.294,0.692,0.809,0.858,0.6109,0.4115,12.6754,2008Q3,14.898999,62.38002969192763,4.644607332344944,5.429894988247198,5.758776143283183,4.100275461458854,2.7619305162715966,85.0755141335334,2008-07-01
08:Q4,9.257,0.705,0.791,0.866,0.6393,0.4116,12.6699,2008Q4,14.608209,63.36848001010938,4.826053625054241,5.414763712649512,5.928173672761663,4.376306499995995,2.817593861095498,86.73137138166629,2008-10-01
09:Q1,9.135,0.714,0.766,0.843,0.6628,0.4088,12.5296,2009Q1,14.430902,63.30165640373693,4.947715672935759,5.308053509059932,5.841630689474574,4.5929214958288815,2.832809757837729,86.82478752887381,2009-01-01
09:Q2,9.063,0.713,0.743,0.824,0.6754,0.3888,12.4072,2009Q2,14.381236000000001,63.019618063426535,4.9578492418871365,5.166454399329793,5.729688324424965,4.6963974445590075,2.703522840456828,86.27353031408427,2009-04-01
09:Q3,8.944,0.708,0.739,0.812,0.6945,0.3815,12.279,2009Q3,14.448882,61.90098306567942,4.90003309598625,5.114582567703163,5.6198119688429875,4.806600261528885,2.6403426922581277,84.98235365199884,2009-07-01
09:Q4,8.843,0.7064,0.7219,0.795,0.7213,0.3785,12.1661,2009Q4,14.651249,60.35662898091487,4.821431947542493,4.9272249758365305,5.426158547984544,4.9231297618380525,2.5833974973737734,83.03797171149027,2009-10-01
10:Q1,8.834,0.6951,0.7047,0.7624,0.7578,0.3629,12.1169,2010Q1,14.764610000000001,59.83226106209374,4.707879178657614,4.772899521219998,5.163698871829326,5.132543291018185,2.4579044079051187,82.06718633272398,2010-01-01
10:Q2,8.703,0.6826,0.7022,0.7444,0.7617,0.3491,11.943,2010Q2,14.980193,58.096714775303624,4.55668361549147,4.68752305127177,4.969228367084456,5.084714195604823,2.3304105628011604,79.7252745675573,2010-04-01
10:Q3,8.609,0.6734,0.71,0.7311,0.7782,0.3427,11.8444,2010Q3,15.141607,56.85658067865584,4.447348290046096,4.68906635867646,4.8284174856737465,5.139480901862001,2.263300057913272,78.22419377282742,2010-07-01
10:Q4,8.452,0.6678,0.711,0.7296,0.8118,0.341,11.7132,2010Q4,15.309474,55.20764462580491,4.3620048605197015,4.644183072520976,4.765676469354859,5.302598900523949,2.227378941954505,76.50948687067891,2010-10-01
11:Q1,8.544,0.6405,0.7056,0.6964,0.8392,0.3287,11.7544,2011Q1,15.351448,55.65598763061309,4.1722448592471535,4.596309090842766,4.536379890678717,5.466585301920704,2.141166097165557,76.56867287046799,2011-01-01
11:Q2,8.516,0.6245,0.713,0.6943,0.8514,0.3303,11.7295,2011Q2,15.557539,54.738734706048305,4.014131026764581,4.582987064985021,4.462788105496634,5.472587920235971,2.1230864341718827,75.39431525770239,2011-04-01
11:Q3,8.402,0.6387,0.7304,0.6933,0.8702,0.3266,11.6612,2011Q3,15.647680000000001,53.694860835599904,4.081755250618622,4.6677846172723365,4.4306887666414445,5.561207795660442,2.087210372400253,74.523507638193,2011-07-01
11:Q4,8.268,0.6271,0.7341,0.704,0.8736,0.33,11.5368,2011Q4,15.842259,52.189526758778534,3.958400124628691,4.6338088526390075,4.443810696441712,5.5143650914935805,2.083036263957053,72.82294778793856,2011-10-01
12:Q1,8.187,0.6118,0.7365,0.6788,0.90365613,0.3185,11.43625613,2012Q1,16.068805,50.949650580737014,3.8073770887131926,4.5834148836830115,4.224334043508525,5.62366728577514,1.982101344810644,71.17054522722754,2012-01-01
12:Q2,8.147,0.589,0.75,0.672,0.914,0.312,11.384,2012Q2,16.207114999999998,50.26804585516917,3.634206334686957,4.627597200365396,4.146327091527395,5.639498454845296,1.9250804353520046,70.24075537194622,2012-04-01
12:Q3,8.028,0.573,0.768,0.674,0.956,0.311,11.31,2012Q3,16.319541,49.19256001133856,3.5111281622442685,4.706014709604884,4.1300181175438695,5.858007893726913,1.905690852457186,69.30341974691567,2012-07-01
12:Q4,8.033,0.563,0.783,0.679,0.966,0.317,11.341,2012Q4,16.420419000000003,48.92079794066155,3.4286579410671547,4.768453228873148,4.13509545645577,5.882919309184496,1.9305232101568173,69.06644708639894,2012-10-01
13:Q1,7.932,0.552,0.794,0.66,0.986,0.307,11.231,2013Q1,16.648189,47.644821908256816,3.315675957306828,4.76928751830004,3.9643951663451205,5.9225661121458915,1.8440444182847757,67.46079108063947,2013-01-01
13:Q2,7.841,0.54,0.814,0.668,0.994,0.296,11.153,2013Q2,16.728687,46.87158053707383,3.227987946693007,4.865892941866865,3.993140645168386,5.941888924097869,1.7694156152243148,66.66990661012427,2013-04-01
13:Q3,7.897,0.535,0.845,0.672,1.027,0.304,11.28,2013Q3,16.953838,46.5794234910113,3.1556276519806308,4.98412217929651,3.963704265665391,6.0576254179142195,1.7931043106581528,66.5336073165262,2013-07-01
13:Q4,8.049,0.529,0.863,0.683,1.08,0.317,11.521,2013Q4,17.192019000000002,46.81823583373191,3.0770091633798216,5.019771092621523,3.9727736457247986,6.2819846813803535,1.843878837034789,67.0136532538732,2013-10-01
14:Q1,8.165,0.526,0.875,0.659,1.111,0.314,11.65,2014Q1,17.197738,47.477174033003635,3.058541768690743,5.087878417498859,3.8318992881505696,6.460151910675694,1.825821512108162,67.74146693012767,2014-01-01
14:Q2,8.096,0.521,0.905,0.669,1.118,0.323,11.632,2014Q2,17.518508,46.21398123630163,2.973997557326229,5.165965046795081,3.818818360559016,6.381822013609836,1.8437643205688523,66.39834853516064,2014-04-01
14:Q3,8.131,0.512,0.934,0.68,1.126,0.327,11.71,2014Q3,17.804228,45.66892762775225,2.8757214297637623,5.245944951951863,3.8193175239049966,6.324340488113273,1.8366423975249029,65.77089441901104,2014-07-01
14:Q4,8.17,0.51,0.955,0.7,1.157,0.335,11.827,2014Q4,17.912079000000002,45.61167913562685,2.847240680436927,5.331597744739736,3.9079774045212727,6.459328367187304,1.870246329306609,66.0280696618187,2014-10-01
15:Q1,8.171,0.51,0.968,0.684,1.189,0.329,11.851,2015Q1,18.063529,45.23479326769426,2.823368567681321,5.3588642617951345,3.7866354907725954,6.582323974457041,1.8213495269944207,65.60733508939478,2015-01-01
15:Q2,8.116,0.499,1.006,0.703,1.19,0.339,11.853,2015Q2,18.279784,44.39877407741798,2.729791555523851,5.503347304322633,3.8457784840346037,6.509923749646057,1.8545076900252218,64.84212286097035,2015-04-01
15:Q3,8.26,0.492,1.045,0.714,1.203,0.351,12.065,2015Q3,18.401626,44.88733767331213,2.673676771824403,5.6788459889359775,3.880091900574438,6.537465765253571,1.9074401359966773,65.56485823589719,2015-07-01
15:Q4,8.249,0.487,1.064,0.733,1.232,0.351,12.116,2015Q4,18.435136999999997,44.74607376120938,2.6416944989342905,5.771587159889293,3.976102808457567,6.682890395661286,1.903972831880772,65.72232145603257,2015-10-01
16:Q1,8.369,0.485,1.071,0.712,1.261,0.354,12.252,2016Q1,18.525933000000002,45.17451293816079,2.617951819214719,5.781085357482399,3.8432612273832576,6.806674729958269,1.9108349360866195,66.13432100828605,2016-01-01
16:Q2,8.362,0.478,1.103,0.729,1.259,0.356,12.287,2016Q2,18.711702000000002,44.68861250569296,2.55455115734528,5.894706959313481,3.895957727415709,6.728409847484744,1.9025527448010875,65.66479094205326,2016-04-01
16:Q3,8.35,0.472,1.135,0.747,1.279,0.367,12.35,2016Q3,18.892639,44.19710766717133,2.4983275232221396,6.0076308026634075,3.9539208895062257,6.76983241991762,1.9425555106409436,65.36937481312167,2016-07-01
16:Q4,8.48,0.473,1.157,0.779,1.31,0.377,12.576,2016Q4,19.089379,44.422607985309526,2.4778176388032316,6.060961962146594,4.080803257141052,6.862454771315504,1.9749201899129354,65.87956580462885,2016-10-01
17:Q1,8.627,0.456,1.167,0.764,1.344,0.367,12.725,2017Q1,19.280084,44.74565567245455,2.3651349236860173,6.052878192854347,3.962638337052889,6.970923985600893,1.9035186776157202,66.0007497892644,2017-01-01
17:Q2,8.691,0.452,1.19,0.784,1.344,0.378,12.839,2017Q2,19.438643,44.709911077640555,2.325265194694918,6.121826508156974,4.0332033465504775,6.914062879800818,1.9445801849439799,66.04884919178772,2017-04-01
17:Q3,8.743,0.448,1.213,0.808,1.357,0.386,12.955,2017Q3,19.692595,44.39739912388388,2.2749668085897263,6.159675756293165,4.1030651369207565,6.890915087625576,1.9601276520438267,65.78614956535692,2017-07-01
17:Q4,8.882,0.444,1.221,0.834,1.378,0.389,13.148,2017Q4,20.037088,44.32779853040521,2.2158908520040437,6.09369984301112,4.162281465250838,6.877246833472008,1.9413998680846238,65.61831739222785,2017-10-01
18:Q1,8.939,0.436,1.229,0.815,1.407,0.385,13.211,2018Q1,20.328553,43.97263297589356,2.1447665261762605,6.04568362539134,4.009139263379937,6.9212993172706385,1.8938878728850008,64.98740958099675,2018-01-01
18:Q2,8.999,0.432,1.238,0.829,1.405,0.39,13.293,2018Q2,20.580912,43.72498167233794,2.0990323460884532,6.015282510318298,4.028004201174369,6.826713995958974,1.894959756885409,64.58897448276343,2018-04-01
18:Q3,9.14,0.422,1.265,0.844,1.442,0.399,13.512,2018Q3,20.79873,43.94499087203882,2.02897003807444,6.082102128351106,4.05794007614888,6.933115627733039,1.9183863630135112,64.96550510535981,2018-07-01
18:Q4,9.124,0.412,1.274,0.87,1.457,0.407,13.544,2018Q4,20.917866999999998,43.61821403683273,1.9696080867136214,6.090487141925132,4.15912387242925,6.96533733578094,1.9457050759525338,64.74847554963421,2018-10-01
19:Q1,9.244,0.406,1.28,0.848,1.486,0.404,13.668,2019Q1,21.1116,43.78635442126603,1.9231133594800964,6.063017488016067,4.016749085810645,7.038784364993653,1.9136398946550714,64.74165861422156,2019-01-01
19:Q2,9.406,0.399,1.297,0.868,1.478,0.412,13.86,2019Q2,21.397938,43.95750655974422,1.8646656514286566,6.061331704017461,4.056465627669358,6.907207601031464,1.9254191688937503,64.7725963127849,2019-04-01
19:Q3,9.437,0.396,1.315,0.881,1.498,0.425,13.952,2019Q3,21.717170999999997,43.4540944582515,1.8234419206811057,6.0551164790294285,4.056697808383975,6.897767669647213,1.9569768088117925,64.24409514480502,2019-07-01
19:Q4,9.557,0.39,1.331,0.927,1.508,0.432,14.145,2019Q4,21.933217,43.573179438292165,1.7781249326079254,6.068421244361919,4.226466185968069,6.875416406083978,1.969615309965702,64.49122351727975,2019-10-01
20:Q1,9.713,0.386,1.346,0.893,1.535,0.427,14.3,2020Q1,21.751238,44.65492952631018,1.7746116335998898,6.188153520273191,4.105513442499227,7.057069579211997,1.9631066516765618,65.74338435357105,2020-01-01
20:Q2,9.776,0.375,1.343,0.817,1.537,0.418,14.266,2020Q2,19.958291000000003,48.98214982435119,1.87891839035717,6.729033061999146,4.093536866458154,7.701060175943921,2.0943676991181253,71.4790660182277,2020-04-01
20:Q3,9.861,0.362,1.36,0.807,1.546,0.417,14.353,2020Q3,21.704437000000002,45.43310660396305,1.6678617372106908,6.265999896703148,3.7181337622348827,7.122967529634608,1.9212661447979504,66.12933567454432,2020-07-01
20:Q4,10.043,0.349,1.374,0.819,1.555,0.419,14.559,2020Q4,22.08716,45.469856695020994,1.580103553376713,6.220808831918635,3.708036705488618,7.040289471348965,1.8970297675210392,65.91612502467495,2020-10-01
21:Q1,10.16,0.335,1.382,0.77,1.584,0.413,14.644,2021Q1,22.680692999999998,44.79580936966962,1.4770271790196183,6.093288243000335,3.394957993567481,6.98391358676739,1.8209320147316486,64.5659283867561,2021-01-01
21:Q2,10.442,0.322,1.415,0.787,1.57,0.421,14.957,2021Q2,23.42591,44.57457575820961,1.3745463890196796,6.040320311996418,3.359527975647478,6.701980840872351,1.7971553719791464,63.848106647724684,2021-04-01
21:Q3,10.672,0.317,1.443,0.804,1.584,0.423,15.243,2021Q3,23.982379,44.49933845178579,1.321803812707655,6.016917671095099,3.3524614051008035,6.604849335422478,1.7637949929821388,63.55916566909396,2021-07-01
21:Q4,10.93,0.318,1.458,0.856,1.576,0.438,15.576,2021Q4,24.813599999999997,44.04842505722669,1.2815552761388918,5.875810039655673,3.4497211206757585,6.351355708160042,1.7651610407196054,62.77202824257667,2021-10-01
22:Q1,11.18,0.317,1.469,0.841,1.59,0.445,15.842,2022Q1,25.250347,44.27661924804439,1.2554282917379314,5.817741831429089,3.3306472976391173,6.296943166761233,1.762352018370282,62.73973185398204,2022-01-01
22:Q2,11.387,0.319,1.502,0.887,1.589,0.47,16.154,2022Q2,25.861292000000002,44.03105614367604,1.233503724407891,5.807907818371951,3.4298363747642613,6.144317925028648,1.8173879325131936,62.46400991876198,2022-04-01
22:Q3,11.669,0.322,1.524,0.925,1.574,0.491,16.505,2022Q3,26.336304,44.307659875129026,1.222646883176926,5.786688975036133,3.5122620091262617,5.976540975529445,1.8643466448443184,62.670145362842106,2022-07-01
22:Q4,11.923,0.336,1.552,0.986,1.595,0.507,16.899,2022Q4,26.770514,44.537807529582736,1.255112247751388,5.797423239613555,3.6831567746513945,5.958047723700785,1.8938747309820052,63.125422246281865,2022-10-01
23:Q1,12.044,0.339,1.562,0.986,1.604,0.512,17.047,2023Q1,27.216445,44.252656803634714,1.245570463004996,5.739177177621839,3.6228096652593678,5.893495642064935,1.8812155665444183,62.63492531813027,2023-01-01
23:Q2,12.014,0.34,1.582,1.031,1.569,0.527,17.063,2023Q2,27.530055,43.639578635059024,1.2350138784684592,5.746446928638537,3.7449979667675923,5.699225809755919,1.914271511626112,61.97953473031565,2023-04-01
23:Q3,12.14,0.349,1.595,1.079,1.599,0.529,17.291,2023Q3,28.074846,43.241555091700235,1.2431056612029143,5.681242205211028,3.843298018446833,5.695489834565789,1.8842489821671686,61.588939793293974,2023-07-01
23:Q4,12.252,0.36,1.607,1.129,1.601,0.554,17.503,2023Q4,28.424722000000003,43.10332393048558,1.2665031517282737,5.653529346742599,3.9718946063922806,5.632420960880461,1.9490076279373991,61.57667962416659,2023-10-01
24:Q1,12.442,0.376,1.616,1.115,1.595,0.543,17.687,2024Q1,28.708161,43.339592529106966,1.309732100220561,5.629061366905391,3.883913009962568,5.55591143577605,1.8914482192015016,61.609658661173036,2024-01-01
24:Q2,12.519,0.38,1.626,1.142,1.585,0.544,17.796,2024Q2,29.147044,42.95118228798776,1.3037342654713115,5.578610304358822,3.9180645557058886,5.43794423887376,1.866398527411562,61.0559341798091,2024-04-01
24:Q3,12.594,0.387,1.644,1.166,1.606,0.546,17.943,2024Q3,29.511664,42.67465230018883,1.31134591394101,5.570678766199018,3.950980195491518,5.441916118318507,1.8501159405989442,60.79968923473784,2024-07-01
24:Q4,12.605,0.396,1.655,1.211,1.615,0.554,18.036,2024Q4,29.825182,42.262944112126455,1.3277370780168247,5.54900218211577,4.0603272764605425,5.414887325750434,1.8574907606599016,60.47238873512993,2024-10-01
25:Q1,12.804,0.402,1.642,1.182,1.631,0.542,18.203,2025Q1,30.042113,42.62017122430769,1.3381215895166896,5.465660820861701,3.934476912459519,5.4290455534868665,1.8041340833782231,60.59161018401069,2025-01-01
25:Q2,12.935,0.411,1.655,1.209,1.638,0.54,18.388,2025Q2,30.485729,42.429688986607474,1.3481717953997425,5.428769638410156,3.9657900258839147,5.373005841520142,1.7713206070945524,60.31674689491599,2025-04-01
