year,category,series_id,cpi,component_growth_1983,relative_index
1983,All items,CUUR0000SA0,99.60000000000001,1.0,1.0
1983,Apparel,CUUR0000SAA,100.19166666666666,1.0,1.0
1983,College tuition,CUUR0000SEEB01,99.72500000000001,1.0,1.0
1983,Food,CUUR0000SAF1,99.40833333333335,1.0,1.0
1983,Household Energy,CUUR0000SAH21,100.45833333333333,1.0,1.0
1983,Medical care,CUUR0000SAM,100.59166666666665,1.0,1.0
1983,New vehicles,CUUR0000SETA01,99.875,1.0,1.0
1983,Shelter,CUUR0000SAH1,99.13333333333333,1.0,1.0
1984,All items,CUUR0000SA0,103.88333333333333,1.0430053547523426,1.0
1984,Apparel,CUUR0000SAA,102.03333333333335,1.0183814355818017,0.9763913779940394
1984,College tuition,CUUR0000SEEB01,109.94166666666666,1.102448399766023,1.0569920803789115
1984,Food,CUUR0000SAF1,103.23333333333333,1.0384776594852878,0.9956589913499247
1984,Household Energy,CUUR0000SAH21,103.95833333333333,1.0348403152218997,0.9921716226160875
1984,Medical care,CUUR0000SAM,106.85833333333333,1.062298069753956,1.0184972348547474
1984,New vehicles,CUUR0000SETA01,102.63333333333333,1.0276178556528994,0.9852469605938918
1984,Shelter,CUUR0000SAH1,103.99166666666667,1.0490080699394757,1.0057552103254144
1985,All items,CUUR0000SA0,107.56666666666666,1.0799866131191431,1.0
1985,Apparel,CUUR0000SAA,105.02499999999999,1.0482408716626466,0.9706054305943564
1985,College tuition,CUUR0000SEEB01,119.925,1.2025570318375531,1.1134925352124603
1985,Food,CUUR0000SAF1,105.56666666666666,1.0619498700645484,0.9832991049745494
1985,Household Energy,CUUR0000SAH21,104.53333333333335,1.040564081294069,0.9634972032558657
1985,Medical care,CUUR0000SAM,113.51666666666667,1.128489768867534,1.0449108860787704
1985,New vehicles,CUUR0000SETA01,106.05,1.0618272841051313,0.9831855980496227
1985,Shelter,CUUR0000SAH1,109.81666666666666,1.1077673167451245,1.0257231925734218
1986,All items,CUUR0000SA0,109.60833333333333,1.1004852744310574,1.0
1986,Apparel,CUUR0000SAA,105.91666666666667,1.0571404807452385,0.9606130180085982
1986,College tuition,CUUR0000SEEB01,129.63333333333333,1.299908080554859,1.1812135162162
1986,Food,CUUR0000SAF1,108.94166666666666,1.0959007460809789,0.9958340847836891
1986,Household Energy,CUUR0000SAH21,99.175,0.9872252177519701,0.8970817153935642
1986,Medical care,CUUR0000SAM,122.04166666666667,1.2132383398227158,1.1024575866768875
1986,New vehicles,CUUR0000SETA01,110.60000000000001,1.1073842302878598,1.0062690124230596
1986,Shelter,CUUR0000SAH1,115.825,1.168375924680565,1.0616915571947172
1987,All items,CUUR0000SA0,113.625,1.140813253012048,1.0
1987,Apparel,CUUR0000SAA,110.575,1.1036347001580304,0.967410483042815
1987,College tuition,CUUR0000SEEB01,139.38333333333333,1.3976769449318958,1.2251584045343615
1987,Food,CUUR0000SAF1,113.48333333333333,1.1415877273870398,1.0006788791881116
1987,Household Energy,CUUR0000SAH21,97.28333333333335,0.9683948569058484,0.8488636105418923
1987,Medical care,CUUR0000SAM,130.14166666666668,1.2937619087068182,1.134069844727825
1987,New vehicles,CUUR0000SETA01,114.38333333333333,1.1452649144764289,1.0039021824585463
1987,Shelter,CUUR0000SAH1,121.24166666666667,1.223016139878951,1.072056391920295
1988,All items,CUUR0000SA0,118.25833333333333,1.1873326639892903,1.0
1988,Apparel,CUUR0000SAA,115.375,1.151542876154038,0.9698569837074953
1988,College tuition,CUUR0000SEEB01,150.0,1.5041363750313361,1.2668196712264486
1988,Food,CUUR0000SAF1,118.175,1.1887836365160531,1.0012220438052195
1988,Household Energy,CUUR0000SAH21,97.99166666666667,0.9754458730817089,0.8215438711206108
1988,Medical care,CUUR0000SAM,138.64166666666668,1.3782619501284072,1.1608052165410983
1988,New vehicles,CUUR0000SETA01,116.51666666666667,1.166624947851481,0.982559465627574
1988,Shelter,CUUR0000SAH1,127.08333333333333,1.2819435104236718,1.0796835203004531
1989,All items,CUUR0000SA0,123.96666666666665,1.2446452476572956,1.0
1989,Apparel,CUUR0000SAA,118.58333333333333,1.1835648340680363,0.9509254434512754
1989,College tuition,CUUR0000SEEB01,161.9,1.6234645274504889,1.3043592385109066
1989,Food,CUUR0000SAF1,125.075,1.2581943163718667,1.0108858879588971
1989,Household Energy,CUUR0000SAH21,100.86666666666667,1.0040647034425552,0.8067075380173045
1989,Medical care,CUUR0000SAM,149.25,1.4837213155496647,1.192083702840118
1989,New vehicles,CUUR0000SETA01,119.15833333333335,1.1930746766791824,0.9585660483778967
1989,Shelter,CUUR0000SAH1,132.83333333333334,1.3399462004034972,1.0765687676272253
1990,All items,CUUR0000SA0,130.65833333333333,1.3118306559571618,1.0
1990,Apparel,CUUR0000SAA,124.08333333333333,1.2384596190634618,0.9440697344885833
1990,College tuition,CUUR0000SEEB01,174.96666666666667,1.7544915183421073,1.3374375041281248
1990,Food,CUUR0000SAF1,132.36666666666667,1.3315449744320562,1.0150280970987906
1990,Household Energy,CUUR0000SAH21,104.45833333333333,1.0398175031107424,0.7926461379666813
1990,Medical care,CUUR0000SAM,162.79999999999998,1.618424322757021,1.233714363517566
1990,New vehicles,CUUR0000SETA01,121.39999999999999,1.2155193992490612,0.9265825537231189
1990,Shelter,CUUR0000SAH1,139.98333333333332,1.4120712844653664,1.0764127809126898
1991,All items,CUUR0000SA0,136.19166666666666,1.3673862115127173,1.0
1991,Apparel,CUUR0000SAA,128.70833333333334,1.284621142809615,0.9394720613633067
1991,College tuition,CUUR0000SEEB01,192.78333333333333,1.9331494944430516,1.4137552932499147
1991,Food,CUUR0000SAF1,136.25,1.3706094391818255,1.0023572182035845
1991,Household Energy,CUUR0000SAH21,106.7,1.0621318954790544,0.7767607180300838
1991,Medical care,CUUR0000SAM,177.01666666666665,1.7597547841935217,1.2869478786441275
1991,New vehicles,CUUR0000SETA01,125.98333333333333,1.261410095953275,0.9224973056864435
1991,Shelter,CUUR0000SAH1,146.275,1.4755379959650303,1.0790938094458817
1992,All items,CUUR0000SA0,140.31666666666666,1.4088018741633197,1.0
1992,Apparel,CUUR0000SAA,131.875,1.3162272311403145,0.9342883873731466
1992,College tuition,CUUR0000SEEB01,213.51666666666665,2.1410545667251606,1.5197698171694456
1992,Food,CUUR0000SAF1,137.89166666666668,1.3871238159108055,0.9846124152373174
1992,Household Energy,CUUR0000SAH21,108.09166666666665,1.0759850684363335,0.7637589700647974
1992,Medical care,CUUR0000SAM,190.0666666666667,1.8894872007290204,1.3412015098653793
1992,New vehicles,CUUR0000SETA01,129.20833333333334,1.2937004589069672,0.9182983658900151
1992,Shelter,CUUR0000SAH1,151.19166666666666,1.5251344989912576,1.0825755750055537
1993,All items,CUUR0000SA0,144.45833333333334,1.4503848728246318,1.0
1993,Apparel,CUUR0000SAA,133.65833333333333,1.3340264493054979,0.9197741056878749
1993,College tuition,CUUR0000SEEB01,233.49166666666667,2.341355394000167,1.6142993751998844
1993,Food,CUUR0000SAF1,140.85833333333332,1.4169670550758653,0.9769593448091574
1993,Household Energy,CUUR0000SAH21,111.20833333333333,1.1070095396101203,0.7632522652102773
1993,Medical care,CUUR0000SAM,201.40833333333333,2.0022367658023366,1.380486520038623
1993,New vehicles,CUUR0000SETA01,132.74166666666667,1.3290780141843972,0.9163622974059369
1993,Shelter,CUUR0000SAH1,155.73333333333332,1.5709482178883658,1.0831250706779203
1994,All items,CUUR0000SA0,148.225,1.4882028112449797,1.0
1994,Apparel,CUUR0000SAA,133.4,1.3314480578890462,0.8946684200758915
1994,College tuition,CUUR0000SEEB01,249.79166666666666,2.504804880086905,1.6831072090177486
1994,Food,CUUR0000SAF1,144.275,1.4513370777097827,0.9752280178100481
1994,Household Energy,CUUR0000SAH21,111.64999999999999,1.111406055578598,0.746810883019925
1994,Medical care,CUUR0000SAM,211.01666666666665,2.0977549498798775,1.4095894282883175
1994,New vehicles,CUUR0000SETA01,137.58333333333334,1.3775552774301212,0.9256502319584422
1994,Shelter,CUUR0000SAH1,160.525,1.6192837928715536,1.0880800524203527
1995,All items,CUUR0000SA0,152.38333333333333,1.529953145917001,1.0
1995,Apparel,CUUR0000SAA,131.95833333333334,1.317058970306912,0.8608492186978134
1995,College tuition,CUUR0000SEEB01,264.81666666666666,2.6554692069858774,1.7356539408233191
1995,Food,CUUR0000SAF1,148.41666666666666,1.49300025148797,0.975847041768797
1995,Household Energy,CUUR0000SAH21,111.5,1.1099128992119454,0.7254554835054782
1995,Medical care,CUUR0000SAM,220.46666666666667,2.191699113577997,1.4325269498788267
1995,New vehicles,CUUR0000SETA01,140.95000000000002,1.4112640801001253,0.9224230714949524
1995,Shelter,CUUR0000SAH1,165.68333333333334,1.6713180901143243,1.0923982179288203
1996,All items,CUUR0000SA0,156.85,1.5747991967871484,1.0
1996,Apparel,CUUR0000SAA,131.70000000000002,1.31448057889046,0.8346972627190936
1996,College tuition,CUUR0000SEEB01,279.8,2.805715718225119,1.7816339530457246
1996,Food,CUUR0000SAF1,153.28333333333333,1.5419565764104282,0.9791448837136032
1996,Household Energy,CUUR0000SAH21,115.22500000000001,1.1469929489838242,0.7283423507732796
1996,Medical care,CUUR0000SAM,228.225,2.268826112169663,1.4407081974631717
1996,New vehicles,CUUR0000SETA01,143.66666666666666,1.438464747601168,0.9134274074662184
1996,Shelter,CUUR0000SAH1,171.03333333333333,1.7252858103564224,1.0955592394740177
1997,All items,CUUR0000SA0,160.51666666666668,1.6116131191432397,1.0
1997,Apparel,CUUR0000SAA,132.85,1.3259585793895035,0.8227524110094147
1997,College tuition,CUUR0000SEEB01,294.09999999999997,2.9491100526447727,1.8299119172053953
1997,Food,CUUR0000SAF1,157.275,1.5821108223656635,0.9816939335953904
1997,Household Energy,CUUR0000SAH21,117.89166666666667,1.1735379510576525,0.7281759729540578
1997,Medical care,CUUR0000SAM,234.58333333333334,2.3320354568801265,1.4470194050789777
1997,New vehicles,CUUR0000SETA01,144.25,1.444305381727159,0.8961861656319698
1997,Shelter,CUUR0000SAH1,176.275,1.778160726294553,1.1033421763405926
1998,All items,CUUR0000SA0,163.00833333333333,1.6366298527443104,1.0
1998,Apparel,CUUR0000SAA,133.025,1.327705231639358,0.811243439934237
1998,College tuition,CUUR0000SEEB01,306.52500000000003,3.0737026823765357,1.878068322670843
1998,Food,CUUR0000SAF1,160.68333333333334,1.6163970156760834,0.9876374996861383
1998,Household Energy,CUUR0000SAH21,113.73333333333333,1.1321443384487766,0.6917534447696835
1998,Medical care,CUUR0000SAM,242.13333333333333,2.4070913760251846,1.4707610104929711
1998,New vehicles,CUUR0000SETA01,143.44166666666666,1.436211931581143,0.8775423038831258
1998,Shelter,CUUR0000SAH1,182.10833333333335,1.837004034969738,1.122430971113865
1999,All items,CUUR0000SA0,166.57500000000002,1.6724397590361446,1.0
1999,Apparel,CUUR0000SAA,131.29166666666666,1.3104050569741328,0.7835290029993914
1999,College tuition,CUUR0000SEEB01,318.69166666666666,3.195704855017966,1.9108041636487432
1999,Food,CUUR0000SAF1,164.1,1.6507670383100006,0.9870412547841877
1999,Household Energy,CUUR0000SAH21,113.48333333333333,1.1296557445043551,0.6754537724906725
1999,Medical care,CUUR0000SAM,250.58333333333334,2.4910943583795877,1.4894972120342604
1999,New vehicles,CUUR0000SETA01,142.85833333333332,1.4303712974551521,0.8552602805134814
1999,Shelter,CUUR0000SAH1,187.25833333333333,1.8889542703429725,1.1294602751082699
2000,All items,CUUR0000SA0,172.20000000000002,1.7289156626506024,1.0
2000,Apparel,CUUR0000SAA,129.57500000000002,1.2932712301422276,0.7480244745770376
2000,College tuition,CUUR0000SEEB01,331.8666666666667,3.3278181666248847,1.9248007514276337
2000,Food,CUUR0000SAF1,167.81666666666666,1.6881549165898229,0.9764240980972495
2000,Household Energy,CUUR0000SAH21,122.76666666666667,1.2220655329738699,0.706839297817639
2000,Medical care,CUUR0000SAM,260.75,2.5921630353740372,1.499299874118781
2000,New vehicles,CUUR0000SETA01,142.75,1.4292866082603255,0.8266953901436029
2000,Shelter,CUUR0000SAH1,193.35,1.9504034969737727,1.1281079459848302
2001,All items,CUUR0000SA0,177.0666666666667,1.777777777777778,1.0
2001,Apparel,CUUR0000SAA,127.26666666666667,1.2702320552274806,0.7145055310654578
2001,College tuition,CUUR0000SEEB01,348.8333333333333,3.497952703267318,1.9675983955878662
2001,Food,CUUR0000SAF1,173.08333333333334,1.741135049040154,0.9793884650850866
2001,Household Energy,CUUR0000SAH21,135.40833333333333,1.347905433430112,0.7581968063044379
2001,Medical care,CUUR0000SAM,272.7583333333333,2.711540054676498,1.52524128075553
2001,New vehicles,CUUR0000SETA01,142.10833333333332,1.4228619107217353,0.800359824780976
2001,Shelter,CUUR0000SAH1,200.5583333333333,2.023117014122394,1.1380033204438464
2002,All items,CUUR0000SA0,179.875,1.8059738955823292,1.0
2002,Apparel,CUUR0000SAA,124.02499999999999,1.2378774016468435,0.685434825317724
2002,College tuition,CUUR0000SEEB01,372.6333333333334,3.736609008105624,2.0690271422227666
2002,Food,CUUR0000SAF1,176.21666666666667,1.7726548746751611,0.9815506630584909
2002,Household Energy,CUUR0000SAH21,127.24166666666667,1.266611364579013,0.7013453337710616
2002,Medical care,CUUR0000SAM,285.59999999999997,2.839201391765388,1.572116517691912
2002,New vehicles,CUUR0000SETA01,140.0,1.4017521902377972,0.7761752225027636
2002,Shelter,CUUR0000SAH1,208.09166666666667,2.0991089441829187,1.1623141116921123
2003,All items,CUUR0000SA0,183.95833333333334,1.846971218206158,1.0
2003,Apparel,CUUR0000SAA,120.875,1.2064376611494636,0.6531978675451139
2003,College tuition,CUUR0000SEEB01,403.84999999999997,4.0496365003760335,2.192582353453878
2003,Food,CUUR0000SAF1,179.975,1.8104618995724702,0.9802328708353415
2003,Household Energy,CUUR0000SAH21,138.16666666666666,1.3753629199502282,0.7446585557981937
2003,Medical care,CUUR0000SAM,297.075,2.9532764476845332,1.5989834701121424
2003,New vehicles,CUUR0000SETA01,137.85,1.3802252816020024,0.7472911694544567
2003,Shelter,CUUR0000SAH1,213.11666666666667,2.149798251513114,1.1639587181012339
2004,All items,CUUR0000SA0,188.88333333333333,1.8964190093708164,1.0
2004,Apparel,CUUR0000SAA,120.43333333333334,1.2020294435664975,0.6338416972340413
2004,College tuition,CUUR0000SEEB01,442.1166666666666,4.433358402272916,2.337752564368036
2004,Food,CUUR0000SAF1,186.17499999999998,1.8728309162545054,0.9875617714230058
2004,Household Energy,CUUR0000SAH21,144.43333333333334,1.4377436748237247,0.7581360805388316
2004,Medical care,CUUR0000SAM,310.1333333333333,3.0830917073978963,1.625743937475499
2004,New vehicles,CUUR0000SETA01,137.05833333333334,1.3722987067167294,0.7236263188334223
2004,Shelter,CUUR0000SAH1,218.84166666666667,2.207548755884331,1.1640617105060236
2005,All items,CUUR0000SA0,195.29166666666666,1.960759705488621,1.0
2005,Apparel,CUUR0000SAA,119.54166666666667,1.1931298344839059,0.6085038524323296
2005,College tuition,CUUR0000SEEB01,475.125,4.7643519679117565,2.429849998740402
2005,Food,CUUR0000SAF1,190.725,1.9186017268840638,0.9784991610718299
2005,Household Energy,CUUR0000SAH21,161.54999999999998,1.6081294068851097,0.8201562906375436
2005,Medical care,CUUR0000SAM,323.22499999999997,3.213238339822716,1.6387721202287648
2005,New vehicles,CUUR0000SETA01,137.90833333333333,1.3808093450146015,0.704221604079988
2005,Shelter,CUUR0000SAH1,224.42499999999998,2.2638702084734366,1.1545882966364205
2006,All items,CUUR0000SA0,201.59166666666667,2.024012717536814,1.0
2006,Apparel,CUUR0000SAA,119.45,1.1922149214006488,0.5890352916613846
2006,College tuition,CUUR0000SEEB01,506.9666666666667,5.083646695078132,2.511667368011816
2006,Food,CUUR0000SAF1,195.17499999999998,1.9633665856316536,0.9700366843648267
2006,Household Energy,CUUR0000SAH21,177.0666666666667,1.7625881377021986,0.8708384697539034
2006,Medical care,CUUR0000SAM,336.18333333333334,3.342059481401707,1.6512047836680253
2006,New vehicles,CUUR0000SETA01,137.58333333333334,1.3775552774301212,0.6806060384376342
2006,Shelter,CUUR0000SAH1,232.13333333333333,2.341627437794217,1.1569232828951461
2007,All items,CUUR0000SA0,207.34241666666665,2.0817511713520744,1.0
2007,Apparel,CUUR0000SAA,118.99825,1.1877060633785246,0.5705321941080608
2007,College tuition,CUUR0000SEEB01,538.6872500000001,5.401727249937328,2.5947996687946935
2007,Food,CUUR0000SAF1,202.91591666666667,2.041236482521586,0.9805381693124376
2007,Household Energy,CUUR0000SAH21,181.74425,1.8091505599336375,0.8690522598618807
2007,Medical care,CUUR0000SAM,351.05358333333334,3.489887333278105,1.676419055891037
2007,New vehicles,CUUR0000SETA01,136.25441666666666,1.36424947851481,0.6553374376769271
2007,Shelter,CUUR0000SAH1,240.61058333333335,2.427141055817082,1.1659131452490936
2008,All items,CUUR0000SA0,215.3025,2.161671686746988,1.0
2008,Apparel,CUUR0000SAA,118.90691666666667,1.1867944772519339,0.5490169874213844
2008,College tuition,CUUR0000SEEB01,572.2829166666667,5.738610345115735,2.6547094918708662
2008,Food,CUUR0000SAF1,214.10641666666666,2.1538075278732496,0.9963620012595101
2008,Household Energy,CUUR0000SAH21,200.80808333333334,1.9989191206968064,0.9247098590188313
2008,Medical care,CUUR0000SAM,364.06483333333335,3.6192345290365346,1.6742757705648512
2008,New vehicles,CUUR0000SETA01,134.19366666666667,1.343616186900292,0.621563484935238
2008,Shelter,CUUR0000SAH1,246.66641666666666,2.4882288164088773,1.1510669412307064
2009,All items,CUUR0000SA0,214.537,2.1539859437751003,1.0
2009,Apparel,CUUR0000SAA,120.07816666666668,1.1984845712384598,0.5564031532805558
2009,College tuition,CUUR0000SEEB01,606.67375,6.083467034344447,2.8242835344052866
2009,Food,CUUR0000SAF1,217.95508333333336,2.1925232626372706,1.0178911654338048
2009,Household Energy,CUUR0000SAH21,188.11341666666667,1.8725516383243468,0.8693425524599717
2009,Medical care,CUUR0000SAM,375.61325000000005,3.7340394333526645,1.7335486539008442
2009,New vehicles,CUUR0000SETA01,135.62341666666666,1.3579315811430954,0.6304273178139542
2009,Shelter,CUUR0000SAH1,249.35425,2.5153421318090117,1.167761627729378
2010,All items,CUUR0000SA0,218.05550000000002,2.189312248995984,1.0
2010,Apparel,CUUR0000SAA,119.50308333333334,1.1927447392497714,0.5448033919313076
2010,College tuition,CUUR0000SEEB01,638.1879166666666,6.399477730425335,2.9230539103593505
2010,Food,CUUR0000SAF1,219.62508333333335,2.2093226590661414,1.0091400439016107
2010,Household Energy,CUUR0000SAH21,189.28575,1.8842214848610537,0.8606453856571421
2010,Medical care,CUUR0000SAM,388.4356666666667,3.861509402700688,1.7638002091622937
2010,New vehicles,CUUR0000SETA01,138.0055,1.3817822277847311,0.6311489959545126
2010,Shelter,CUUR0000SAH1,248.39616666666666,2.50567753866846,1.1445044167717788
2011,All items,CUUR0000SA0,224.93916666666667,2.2584253681392235,1.0
2011,Apparel,CUUR0000SAA,122.11066666666666,1.2187706895117691,0.5396550652970864
2011,College tuition,CUUR0000SEEB01,670.2505833333333,6.7209885518509225,2.97596221095786
2011,Food,CUUR0000SAF1,227.8415,2.2919758571548323,1.0148556996786005
2011,Household Energy,CUUR0000SAH21,193.64841666666666,1.9276491082538367,0.8535367763080336
2011,Medical care,CUUR0000SAM,400.2575,3.979032391682545,1.7618613604933846
2011,New vehicles,CUUR0000SETA01,141.88341666666668,1.4206099290780143,0.629026732129073
2011,Shelter,CUUR0000SAH1,251.64575,2.538457464694015,1.1239943991532106
2012,All items,CUUR0000SA0,229.59391666666667,2.3051598058902276,1.0
2012,Apparel,CUUR0000SAA,126.26458333333333,1.2602303917491475,0.5466997943174965
2012,College tuition,CUUR0000SEEB01,702.7576666666668,7.046955795103201,3.0570356888475
2012,Food,CUUR0000SAF1,233.77733333333333,2.3516874842820017,1.0201841444019997
2012,Household Energy,CUUR0000SAH21,189.30791666666667,1.8844421401907923,0.8174887204677079
2012,Medical care,CUUR0000SAM,414.9239166666666,4.124833899428382,1.789391732793734
2012,New vehicles,CUUR0000SETA01,144.23208333333332,1.4441259908218604,0.626475434428354
2012,Shelter,CUUR0000SAH1,257.0835,2.593310356422327,1.1250024183988487
2013,All items,CUUR0000SA0,232.95708333333334,2.3389265394912986,1.0
2013,Apparel,CUUR0000SAA,127.41133333333333,1.2716759544206937,0.5437006818937011
2013,College tuition,CUUR0000SEEB01,732.4396666666667,7.344594300994401,3.1401560403824407
2013,Food,CUUR0000SAF1,237.03691666666668,2.3844773241679937,1.0194750813707052
2013,Household Energy,CUUR0000SAH21,193.84008333333335,1.9295570302778933,0.8249754738759599
2013,Medical care,CUUR0000SAM,425.13449999999995,4.226339159970176,1.8069567763720265
2013,New vehicles,CUUR0000SETA01,145.78333333333333,1.4596579057154777,0.6240717188291617
2013,Shelter,CUUR0000SAH1,263.05575,2.6535549764626767,1.1345183064363398
2014,All items,CUUR0000SA0,236.73616666666666,2.3768691432396247,1.0
2014,Apparel,CUUR0000SAA,127.51425,1.2727031522914416,0.5354536053914911
2014,College tuition,CUUR0000SEEB01,759.4948333333333,7.615892036433524,3.204169677617682
2014,Food,CUUR0000SAF1,242.7245,2.4416916757481766,1.0272722344403866
2014,Household Energy,CUUR0000SAH21,202.19224999999997,2.0126976358357527,0.8467852096781762
2014,Medical care,CUUR0000SAM,435.29224999999997,4.3273191947643115,1.8205963113586736
2014,New vehicles,CUUR0000SETA01,146.27483333333333,1.4645790571547768,0.6161799278350616
2014,Shelter,CUUR0000SAH1,270.513,2.7287794216543375,1.1480562274181683
2015,All items,CUUR0000SA0,237.01700000000002,2.3796887550200805,1.0
2015,Apparel,CUUR0000SAA,125.90249999999999,1.256616485070282,0.5280591768227598
2015,College tuition,CUUR0000SEEB01,785.84975,7.880167961895211,3.311427994636515
2015,Food,CUUR0000SAF1,247.23483333333334,2.4870634587978873,1.0451213225054303
2015,Household Energy,CUUR0000SAH21,194.66691666666668,1.9377876399834095,0.81430297802414
2015,Medical care,CUUR0000SAM,446.7520833333333,4.441243476099744,1.8663127548637204
2015,New vehicles,CUUR0000SETA01,147.135,1.473191489361702,0.6190689796108528
2015,Shelter,CUUR0000SAH1,278.80266666666665,2.8124008069939475,1.1818355661264683
2016,All items,CUUR0000SA0,240.00716666666665,2.409710508701472,1.0
2016,Apparel,CUUR0000SAA,126.04533333333332,1.2580420860018298,0.5220718760444609
2016,College tuition,CUUR0000SEEB01,807.0004166666666,8.092257875825185,3.358186739280099
2016,Food,CUUR0000SAF1,247.93125,2.4940690753625616,1.0350077597937473
2016,Household Energy,CUUR0000SAH21,191.04958333333335,1.9017793446702616,0.7892148612054977
2016,Medical care,CUUR0000SAM,463.6746666666667,4.609473945820563,1.9128745669555485
2016,New vehicles,CUUR0000SETA01,147.3575,1.4754192740926158,0.612280715365963
2016,Shelter,CUUR0000SAH1,288.23,2.9074983187626096,1.2065757725932738
2017,All items,CUUR0000SA0,245.11958333333334,2.461039993306559,1.0
2017,Apparel,CUUR0000SAA,125.61200000000001,1.2537170423355237,0.5094257085400216
2017,College tuition,CUUR0000SEEB01,823.12925,8.253990975181749,3.3538630000449534
2017,Food,CUUR0000SAF1,250.06491666666668,2.5155327353508254,1.0221421603031537
2017,Household Energy,CUUR0000SAH21,198.30783333333332,1.9740306926586477,0.802112398834452
2017,Medical care,CUUR0000SAM,475.32183333333336,4.725260541794384,1.9200259055708009
2017,New vehicles,CUUR0000SETA01,146.99224999999998,1.4717622027534416,0.5980244964552722
2017,Shelter,CUUR0000SAH1,297.80325,3.0040677538668463,1.2206497098938631
2018,All items,CUUR0000SA0,251.10683333333336,2.5211529451137884,1.0
2018,Apparel,CUUR0000SAA,125.65441666666668,1.2541403975713217,0.49744716995529914
2018,College tuition,CUUR0000SEEB01,841.3318333333333,8.436518759923121,3.3462939153587734
2018,Food,CUUR0000SAF1,253.55816666666666,2.5506731494676833,1.0117090097255335
2018,Household Energy,CUUR0000SAH21,200.82608333333334,1.9990982994608049,0.792930196216469
2018,Medical care,CUUR0000SAM,484.70700000000005,4.818560185568719,1.9112526254733986
2018,New vehicles,CUUR0000SETA01,146.28666666666666,1.464697538589904,0.5809633808328106
2018,Shelter,CUUR0000SAH1,307.66275,3.103524714189644,1.2309942243704581
2019,All items,CUUR0000SA0,255.65741666666668,2.566841532797858,1.0
2019,Apparel,CUUR0000SAA,124.05166666666666,1.2381435581801548,0.4823607310228372
2019,College tuition,CUUR0000SEEB01,865.3539999999999,8.67740285785911,3.3805759907588606
2019,Food,CUUR0000SAF1,258.3161666666667,2.598536340011736,1.012347784936817
2019,Household Energy,CUUR0000SAH21,200.04233333333332,1.9912965574450434,0.77577697415334
2019,Medical care,CUUR0000SAM,498.41333333333336,4.95481733079281,1.930316798868397
2019,New vehicles,CUUR0000SETA01,146.834,1.4701777221526908,0.5727574933502797
2019,Shelter,CUUR0000SAH1,318.0534166666667,3.208339778076665,1.2499173544926918
2020,All items,CUUR0000SA0,258.8111666666667,2.598505689424364,1.0
2020,Apparel,CUUR0000SAA,118.07866666666666,1.1785278216751227,0.45354059699449684
2020,College tuition,CUUR0000SEEB01,877.2625833333333,8.796817080304168,3.3853368557576218
2020,Food,CUUR0000SAF1,267.21933333333334,2.6880979126498445,1.0344783633109256
2020,Household Energy,CUUR0000SAH21,199.48758333333333,1.9857743674823725,0.7641985836568527
2020,Medical care,CUUR0000SAM,518.8755,5.158235440311491,1.9850776010631606
2020,New vehicles,CUUR0000SETA01,147.60025,1.4778498122653316,0.5687306432616329
2020,Shelter,CUUR0000SAH1,325.88550000000004,3.2873453261600543,1.265090678669357
