year,age_group,wage_annual_2024d,hourly_2024d,time_years_total,time_hours_total,total_cost_2024d,cost_2024d_education,cost_2024d_health,cost_2024d_housing,cost_2024d_transport,time_years_education,time_years_health,time_years_housing,time_years_transport,time_hours_education,time_hours_health,time_hours_housing,time_hours_transport
1980,25 to 34 Years,38717.654320987655,19.358827160493828,1.0770058068196715,2154.0116136393426,41699.138530140444,445.3237810670126,1933.6542929673835,24361.311420453218,14958.849035652833,0.011501827496445625,0.049942444264223125,0.6292042182743415,0.3863573167846612,23.00365499289125,99.88488852844625,1258.4084365486829,772.7146335693224
1980,35 to 44 Years,45686.67207792208,22.843336038961038,1.0881140919892416,2176.2281839784832,49712.31170407841,453.8031478433238,3007.401147415154,28045.059383159354,18206.04802566058,0.009932943836866213,0.06582666258303524,0.6138564729627578,0.39849801260658224,19.865887673732427,131.6533251660705,1227.7129459255157,796.9960252131644
1980,45 to 54 Years,45185.13282732448,22.59256641366224,1.1703753590928032,2340.7507181856063,52883.56605843591,998.9950264980022,3411.3200441683407,28394.133519510047,20079.117468259512,0.022108931942629747,0.07549651468780098,0.6283954863653619,0.44437442609701067,44.2178638852595,150.99302937560196,1256.7909727307238,888.7488521940213
1980,55 to 64 Years,35059.18217433889,17.529591087169443,1.3278515527067083,2655.7031054134163,46553.38948682324,582.8779532160617,3392.6154144063034,24951.412936665103,17626.483182535772,0.01662554335459347,0.09676824169873205,0.7116940952184551,0.5027636724349277,33.251086709186936,193.5364833974641,1423.38819043691,1005.5273448698554
1980,65 Years and Older,18728.00410677618,9.364002053388091,1.907144707152824,3814.289414305648,35717.01390777455,134.72771655694527,3942.632635517026,20494.715100611003,11144.938455089572,0.00719391750390518,0.21052070541198245,1.0943352523719059,0.5950948318650305,14.38783500781036,421.0414108239649,2188.6705047438118,1190.189663730061
1981,25 to 34 Years,37080.93570451436,18.54046785225718,1.138005889560058,2276.011779120116,42198.32322213518,452.85070575069045,1940.6195715734686,24610.294531762396,15194.558413048626,0.012212494025482717,0.05233469799785044,0.6636913029345766,0.4097673946021483,24.424988050965435,104.66939599570088,1327.3826058691532,819.5347892042965
1981,35 to 44 Years,44689.2471042471,22.34462355212355,1.1256471515492026,2251.294303098405,50304.3237077742,461.47339196738204,3018.234204258971,28331.691987683556,18492.92412386429,0.010326273586370742,0.06753826479149007,0.6339711188598435,0.4138114943114983,20.652547172741485,135.07652958298013,1267.942237719687,827.6229886229966
1981,45 to 54 Years,43852.16850167544,21.92608425083772,1.2204488800092201,2440.8977600184403,53519.329933845394,1015.8801798257731,3423.6080703209846,28684.33381228576,20395.507871412872,0.023166019253687758,0.07807157974844917,0.6541143754656017,0.4650969055414815,46.332038507375515,156.14315949689833,1308.2287509312034,930.193811082963
1981,55 to 64 Years,34870.75508228461,17.435377541142305,1.3509377671881282,2701.8755343762564,47108.220011025645,592.7298377103536,3404.836064007725,25206.427140018506,17904.22696928906,0.016997906592836533,0.0976415926748166,0.7228529201773474,0.5134453477431277,33.995813185673065,195.28318534963321,1445.7058403546948,1026.8906954862553
1981,65 Years and Older,18970.98196392785,9.485490981963926,1.9038851416742018,3807.7702833484036,36118.5706840915,137.004903220766,3956.8345199219557,20704.179929621034,11320.551331327744,0.00722181400421298,0.2085729946634092,1.091360477227207,0.5967298557793725,14.443628008425959,417.1459893268184,2182.720954454414,1193.459711558745
1982,25 to 34 Years,35973.73097826087,17.986865489130437,1.1754133194446903,2350.826638889381,42284.00254196789,483.1670977360001,2041.6903762684194,24854.408355043677,14904.7367129198,0.013431108884090468,0.0567550354313325,0.6909043815906484,0.41432279353861895,26.862217768180937,113.510070862665,1381.8087631812969,828.6455870772379
1982,35 to 44 Years,43576.59543109801,21.788297715549003,1.157059284208869,2314.118568417738,50420.70431776573,492.36703542208755,3175.4290322668826,28612.71900433364,18140.189245743117,0.011298887179027177,0.07287005790270547,0.6566074912753385,0.41628284785179775,22.597774358054355,145.74011580541094,1313.214982550677,832.5656957035956
1982,45 to 54 Years,42823.00435413643,21.411502177068215,1.2530915800897622,2506.1831601795243,53661.14619031558,1083.8889547942288,3601.9154664207304,28968.858744978315,20006.48302412231,0.025310904060600596,0.08411169465443656,0.6764788968427459,0.4671900845319792,50.62180812120119,168.22338930887312,1352.9577936854917,934.3801690639584
1982,55 to 64 Years,34353.11046511628,17.17655523255814,1.374948314960793,2749.8966299215863,47233.75134767363,632.4105313103076,3582.165781735258,25456.454107085865,17562.720927542196,0.018409119952980276,0.10427485992491867,0.7410232657952621,0.5112410692876321,36.81823990596055,208.54971984983735,1482.0465315905242,1022.4821385752642
1982,65 Years and Older,20293.928430987024,10.146964215493512,1.789858534018799,3579.7170680375975,36323.260990968854,146.17678767894503,4162.913266540498,20909.54831779698,11104.622618952433,0.007202981333852843,0.20513097208838577,1.0303351758090347,0.5471894047875256,14.405962667705685,410.2619441767715,2060.670351618069,1094.3788095750513
1983,25 to 34 Years,35806.908801696714,17.903454400848357,1.1782528117213507,2356.5056234427016,42189.59097464913,515.8482723760329,2151.0034852833455,24735.606563339014,14787.132653650739,0.014406389427047927,0.06007230328638198,0.6908054169190644,0.41296870208885633,28.812778854095853,120.14460657276396,1381.6108338381289,825.9374041777127
1983,35 to 44 Years,44265.04042179262,22.13252021089631,1.1373337094285376,2274.667418857075,50344.12262092156,525.6704891279038,3345.443067699509,28475.952832526254,17997.056231567894,0.011875522627312571,0.07557754462260642,0.6433057004169579,0.40657494176166076,23.751045254625144,151.15508924521285,1286.6114008339157,813.1498835233215
1983,45 to 54 Years,44180.76701821669,22.090383509108346,1.2138988198006768,2427.7976396013537,53630.98094130191,1157.202647692638,3794.7637957364745,28830.39025788418,19848.624239988618,0.026192452639301127,0.08589175905823027,0.6525552226378682,0.4492593854652772,52.384905278602254,171.78351811646053,1305.1104452757365,898.5187709305544
1983,55 to 64 Years,34369.82633863965,17.184913169319824,1.373532168709428,2747.064337418856,47208.06210907814,675.1864552397159,3773.9567031990928,25334.774591920275,17424.14435871906,0.019644744450764064,0.10980435763669515,0.7371225662388092,0.5069605003831597,39.28948890152813,219.6087152733903,1474.2451324776184,1013.9210007663193
1983,65 Years and Older,20507.925983037778,10.25396299151889,1.7733859260151055,3546.7718520302105,36368.46731007869,156.0641106130593,4385.797694568578,20809.602595154767,11017.002909742287,0.0076099411877213145,0.21385866606872367,1.01471024482761,0.5372070739310505,15.219882375442628,427.71733213744733,2029.4204896552199,1074.414147862101
1984,25 to 34 Years,37274.66494845361,18.637332474226806,1.1326188300174926,2265.2376600349853,42217.98740321157,544.2540975963278,2190.3094510473793,24687.180430302134,14796.243424265731,0.014601180140692505,0.058761345114069156,0.6623045563103396,0.39695174845239145,29.20236028138501,117.52269022813832,1324.609112620679,793.9034969047829
1984,35 to 44 Years,46294.42799461642,23.14721399730821,1.0884580183465775,2176.916036693155,50389.54135550851,554.6171869017586,3406.5754050407477,28420.20403668861,18008.14472687739,0.01198021470243147,0.0735849982947602,0.6139011813688161,0.38899162398056975,23.96042940486294,147.1699965895204,1227.8023627376322,777.9832479611395
1984,45 to 54 Years,45361.04562737643,22.680522813688214,1.1842723755137383,2368.5447510274767,53719.83326092015,1220.9254474287156,3864.1067125928666,28773.947562187255,19860.85353871132,0.02691572538821414,0.08518557407902409,0.6343316641894499,0.4378394118570503,53.83145077642828,170.3711481580482,1268.6633283788997,875.6788237141005
1984,55 to 64 Years,35125.78947368421,17.562894736842107,1.3458869353138583,2691.773870627717,47275.34114521663,712.3664352177606,3842.919405484696,25285.1754376927,17434.879866821477,0.020280439127253105,0.10940449917470928,0.7198464665580264,0.4963555304538696,40.56087825450621,218.80899834941854,1439.692933116053,992.7110609077392
1984,65 Years and Older,21155.47511312217,10.577737556561086,1.7216938845987473,3443.3877691974944,36423.25212804343,164.65797451962246,4465.9407604492835,20768.862596273513,11023.790796801011,0.007783232172246963,0.21110094368332957,0.9817251791897195,0.5210845295534512,15.566464344493927,422.20188736665915,1963.450358379439,1042.1690591069023
1985,25 to 34 Years,37534.05432595574,18.767027162977868,1.1264118868554058,2252.8237737108116,42278.80495463311,573.3613741467542,2247.0245139079734,24789.55290613551,14668.866160442873,0.015275764487564576,0.05986628820841504,0.6604549748571369,0.39081485930228926,30.551528975129152,119.73257641683007,1320.9099497142738,781.6297186045786
1985,35 to 44 Years,46716.70542635659,23.358352713178295,1.0803466509779907,2160.693301955981,50470.23625208966,584.2786922722565,3494.7840086898127,28538.056565823703,17853.11698530389,0.01250684711046894,0.07480801517990027,0.6108747675028284,0.382157021184793,25.01369422093788,149.61603035980053,1221.7495350056568,764.314042369586
1985,45 to 54 Years,46383.24134705332,23.19162067352666,1.160624526878057,2321.2490537561143,53833.5275434945,1286.2218132304831,3964.162462706145,28893.266990331635,19689.876277226238,0.027730313274283394,0.08546540404636867,0.6229247062348132,0.42450410332259186,55.460626548566786,170.93080809273732,1245.8494124696265,849.0082066451837
1985,55 to 64 Years,35368.321273516645,17.68416063675832,1.339269274397496,2678.538548794992,47367.70596864016,750.4645348493483,3942.4265393036367,25390.027671375105,17284.78722311207,0.021218551173116794,0.11146773149947821,0.7178748314070207,0.48870816031788034,42.43710234623359,222.9354629989564,1435.7496628140414,977.4163206357607
1985,65 Years and Older,21407.42401779096,10.70371200889548,1.7068340640658781,3413.6681281317565,36538.92053746764,173.46405466075993,4581.5801788152385,20854.986643133638,10928.889660858,0.008102985885485336,0.2140182851989874,0.9741941218991033,0.5105186710823022,16.205971770970674,428.0365703979748,1948.3882437982065,1021.0373421646044
1986,25 to 34 Years,38014.75247524752,19.00737623762376,1.1008347995246954,2201.669599049391,41847.96242007003,608.8208648238113,2370.0479200245763,25035.53838605021,13833.555249171428,0.016015384164877355,0.06234547815529725,0.6585742838218283,0.3638996533826926,32.03076832975471,124.6909563105945,1317.1485676436564,727.7993067653852
1986,35 to 44 Years,47972.50543309531,23.986252716547657,1.0415185393258286,2083.0370786516573,49964.25378647781,620.4133636603719,3686.121588555871,28821.238257996923,16836.480576264647,0.01293268629727145,0.07683821295714287,0.6007865963597078,0.3509610437117066,25.865372594542897,153.67642591428574,1201.5731927194156,701.9220874234132
1986,45 to 54 Years,49089.34283088235,24.544671415441176,1.0856854723240608,2171.3709446481216,53295.58635742425,1365.7681036703414,4181.198265183227,29179.973417584755,18568.646570985926,0.027822089783836542,0.08517527479615829,0.5944258312463594,0.3782622764977065,55.644179567673085,170.35054959231658,1188.8516624927188,756.524552995413
1986,55 to 64 Years,36162.65792031098,18.08132896015549,1.2968525449374213,2593.7050898748425,46897.634955656686,796.8769570613497,4158.272311447041,25641.971632020115,16300.514055128182,0.022035906730566362,0.11498801666100769,0.7090732016580602,0.450755419887787,44.07181346113272,229.97603332201538,1418.1464033161203,901.510839775574
1986,65 Years and Older,21942.118030412745,10.971059015206372,1.6582305558250887,3316.461111650178,36385.09057755103,184.19192595868483,4832.419275365143,21061.929620986062,10306.54975524114,0.008394446046793964,0.22023485921765604,0.9598858957824079,0.4697153547782309,16.78889209358793,440.4697184353121,1919.7717915648159,939.4307095564618
1987,25 to 34 Years,38494.77666585306,19.24738833292653,1.0842694621004414,2168.538924200883,41738.71078916112,634.9219989044482,2438.1677406486765,24906.297687823826,13759.323361784172,0.016493718210545124,0.06333762530466797,0.6470046028327021,0.3574335157525263,32.98743642109025,126.67525060933593,1294.0092056654041,714.8670315050526
1987,35 to 44 Years,48610.13525698828,24.30506762849414,1.0256640640281545,2051.328128056309,49857.66888064088,647.0114868948714,3792.0679448677065,28672.454680876486,16746.13476800181,0.01331021778635878,0.07800982089064548,0.5898451944083921,0.3444988309427581,26.620435572717557,156.01964178129097,1179.6903888167842,688.9976618855162
1987,45 to 54 Years,49513.16209034544,24.75658104517272,1.0749472748993485,2149.894549798697,53224.038660666556,1424.3207887976373,4301.374095136542,29029.337945698226,18469.005831034152,0.028766508311440793,0.08687334667270757,0.5862953752121327,0.3730120447030673,57.53301662288158,173.74669334541514,1172.5907504242655,746.0240894061346
1987,55 to 64 Years,36083.85964912281,18.041929824561404,1.2978510240451833,2595.702048090366,46831.4741971167,831.0403596379801,4277.789204573403,25509.60034978438,16213.044283120938,0.023030805676525865,0.11855132034572681,0.7069532083828652,0.44931568964006524,46.06161135305173,237.10264069145362,1413.9064167657305,898.6313792801304
1987,65 Years and Older,22301.14893617021,11.150574468085106,1.6307611321825324,3261.5222643650645,36367.84688812021,192.08853140339087,4971.312473024583,20953.2018417693,10251.244041922937,0.008613391711484545,0.22291732534737776,0.9395570560844658,0.4596733590392042,17.22678342296909,445.8346506947555,1879.1141121689316,919.3467180784083
1988,25 to 34 Years,38877.23140495868,19.43861570247934,1.069779673038265,2139.55934607653,41590.07190102966,658.0969833919719,2494.1733845234753,24811.73038717612,13626.071145938093,0.016927568132025818,0.06415511841734056,0.6382072357141012,0.3504897507747974,33.85513626405164,128.31023683468112,1276.4144714282024,700.9795015495947
1988,35 to 44 Years,49350.06968641115,24.675034843205577,1.007036982740845,2014.0739654816898,49697.34527505392,670.6277440066286,3879.1731933412166,28563.587571196043,16583.956766510033,0.013589195481750051,0.07860522220112226,0.5787952834251257,0.336047281632847,27.178390963500103,157.21044440224452,1157.5905668502512,672.094563265694
1988,45 to 54 Years,49768.978195810174,24.884489097905085,1.066643277044137,2133.286554088274,53085.74599791716,1476.3092413045576,4400.1783003305645,28919.115777653686,18290.142678628355,0.029663241939510854,0.08841206831730766,0.5810670989441422,0.36750086784317626,59.32648387902171,176.82413663461531,1162.1341978882845,735.0017356863525
1988,55 to 64 Years,36736.81650700074,18.36840825350037,1.2713730044402924,2542.746008880585,46706.19677607725,861.3737666964033,4376.051655826677,25412.742355235467,16056.02899831871,0.023447153253800746,0.11911896761638986,0.691751348416178,0.4370555351539238,46.89430650760149,238.23793523277973,1383.5026968323562,874.1110703078476
1988,65 Years and Older,22358.23652173913,11.179118260869565,1.6240196413362114,3248.039282672423,36310.21525694497,199.09986309954581,5085.505418535577,20873.64414263077,10151.965832679076,0.008904989573124834,0.2274555693867399,0.9335997551656241,0.45405932721072256,17.80997914624967,454.91113877347976,1867.1995103312481,908.1186544214452
1989,25 to 34 Years,38700.71099247755,19.350355496238777,1.0715254138206611,2143.050827641322,41468.79536136831,676.3781524704843,2562.5659194811087,24576.466342957403,13653.384946459317,0.017477150551625662,0.06621495713552156,0.6350391430207691,0.3527941631127447,34.954301103251325,132.42991427104312,1270.0782860415384,705.5883262254894
1989,35 to 44 Years,49740.31879194631,24.870159395973154,0.9968723596136854,1993.7447192273708,49584.748962064456,689.2570030464385,3985.543700651795,28292.74853560551,16617.19972276071,0.013857108675347682,0.08012702365906656,0.5688091516652387,0.33407907561403244,27.714217350695364,160.2540473181331,1137.6183033304774,668.1581512280649
1989,45 to 54 Years,50607.78423236514,25.30389211618257,1.0474646699127659,2094.929339825532,53009.86600597084,1517.3193956337168,4520.835248276738,28644.905634833634,18326.80572722675,0.029981936942090958,0.08933082759599525,0.5660177790695367,0.36213412630514313,59.963873884181915,178.66165519199052,1132.0355581390734,724.2682526102863
1989,55 to 64 Years,38054.00933558447,19.027004667792237,1.2256617059913937,2451.3234119827875,46641.34200206489,885.3017284804082,4496.047028924894,25171.779534509707,16088.213710149881,0.02326434832853627,0.118149101958637,0.6614750974734077,0.4227731582308128,46.52869665707254,236.29820391727398,1322.9501949468154,845.5463164616256
1989,65 Years and Older,22766.80763983629,11.383403819918145,1.5934435111852532,3186.887022370506,36277.621904099986,204.63062581793918,5224.954668243965,20675.72090785647,10172.31570218161,0.008988112389542315,0.22949878397099402,0.9081519567846247,0.44680465804009206,17.976224779084628,458.99756794198805,1816.3039135692493,893.6093160801842
1990,25 to 34 Years,37322.87041564792,18.66143520782396,1.1089113927530445,2217.8227855060886,41387.75621415753,692.9471872236957,2651.6582727140167,24365.011831766293,13678.138922453527,0.018566288699305718,0.07104647212777844,0.6528172019039313,0.36648143002202893,37.13257739861144,142.0929442555569,1305.6344038078626,732.9628600440578
1990,35 to 44 Years,48478.91181988743,24.239455909943715,1.021617332275706,2043.2346645514122,49526.89656506259,706.1415271778845,4124.108513562271,28049.319344917003,16647.327179405434,0.01456595250737879,0.08507015439794678,0.5785880559598364,0.34339316941054415,29.13190501475758,170.14030879589356,1157.1761119196728,686.7863388210883
1990,45 to 54 Years,49377.60718660678,24.68880359330339,1.0731783384071745,2146.3566768143487,52990.97843504482,1554.488718306471,4678.010463862532,28398.446504598873,18360.032748276943,0.03148165346351801,0.09473951311944899,0.575128041285518,0.37182913053868943,62.963306927036015,189.47902623889797,1150.256082571036,743.6582610773788
1990,55 to 64 Years,37063.54753001378,18.53177376500689,1.2581616528514024,2516.3233057028046,46631.93422089864,906.9887020360925,4652.360436126475,24955.20298265707,16117.382100079007,0.024471178893537376,0.12552388387428454,0.6733085375178546,0.4348580525657258,48.94235778707475,251.04776774856907,1346.6170750357091,869.7161051314516
1990,65 Years and Older,23197.9892400807,11.59899462004035,1.5649994279211614,3129.998855842323,36304.839889647556,209.64340149433386,5406.609900365128,20497.82818735365,10190.758400434443,0.009037136767531519,0.23306372998155248,0.8836036595765894,0.43929490159548806,18.07427353506304,466.12745996310497,1767.2073191531788,878.5898031909761
1991,25 to 34 Years,36597.907783837385,18.298953891918693,1.12793321790043,2255.86643580086,41279.9958950469,724.1438288526263,2766.4408596636113,24297.82006923626,13491.591137294403,0.019786481596973354,0.07559013690081337,0.6639128174416251,0.36864378196101827,39.572963193946705,151.18027380162675,1327.8256348832501,737.2875639220365
1991,35 to 44 Years,46958.96397580857,23.479481987904283,1.052681084756913,2105.362169513826,49432.813137114965,737.9321810240091,4302.6291958532875,27971.967311699616,16420.28444853805,0.015714405058087803,0.09162530072149451,0.5956683227958284,0.34967305618150224,31.428810116175605,183.25060144298902,1191.3366455916569,699.3461123630045
1991,45 to 54 Years,48993.239164086684,24.49661958204334,1.0804499593017525,2160.899918603505,52934.743260898475,1624.4721576729225,4880.507953205241,28320.131678120062,18109.63147190025,0.03315706790139532,0.09961594776086535,0.5780416269941069,0.36963531664538485,66.31413580279063,199.2318955217307,1156.0832539882138,739.2706332907698
1991,55 to 64 Years,36986.4298180005,18.49321490900025,1.2595300489653802,2519.06009793076,46585.519759720766,947.8215418550594,4853.747610249018,24886.383641042245,15897.566966574446,0.025626197135517392,0.13123049816197194,0.6728517395028643,0.4298216141650266,51.25239427103479,262.46099632394385,1345.7034790057285,859.6432283300533
1991,65 Years and Older,22738.843357567745,11.369421678783873,1.598709364953575,3197.41872990715,36352.801823955946,219.08159561197226,5640.646343664446,20441.30101579076,10051.77286888877,0.00963468511423029,0.24806214876304056,0.8989595774222906,0.4420529536540136,19.26937022846058,496.12429752608114,1797.9191548445813,884.1059073080272
1992,25 to 34 Years,36317.31707317073,18.158658536585364,1.1370711735167724,2274.1423470335453,41295.37434337096,765.6351842164877,2882.580794420164,24267.4738516925,13379.68451304181,0.021081821178417875,0.07937207444626075,0.6682066795517777,0.3684105983403162,42.16364235683575,158.7441488925215,1336.4133591035554,736.8211966806324
1992,35 to 44 Years,46291.25064069708,23.14562532034854,1.0689837027643188,2137.9674055286378,49484.592515483506,780.213569247408,4483.260953204066,27937.032350343045,16284.08564268899,0.016854449997544055,0.09684899178901413,0.6035056725337666,0.351774588443994,33.70889999508811,193.69798357802824,1207.0113450675333,703.549176887988
1992,45 to 54 Years,49564.50631031923,24.782253155159616,1.0702645081764373,2140.5290163528744,53047.13196922172,1717.5497327169585,5085.400052482945,28284.761884684962,17959.42029933686,0.03465281631100133,0.10260164845875153,0.5706656636020226,0.36234437980466166,69.30563262200266,205.20329691750305,1141.3313272040452,724.6887596093234
1992,55 to 64 Years,36462.61315816484,18.231306579082418,1.2802332971290835,2560.466594258167,46680.65146541967,1002.1289858291968,5057.516264406201,24855.302350222883,15765.70386496139,0.027483740166461344,0.13870416369962513,0.6816654155424183,0.4323799777205786,54.96748033292269,277.40832739925025,1363.3308310848367,864.7599554411572
1992,65 Years and Older,22290.04651162791,11.145023255813955,1.637199543972293,3274.3990879445864,36493.25398395841,231.63433993573568,5877.45035704127,20415.771311243807,9968.397975737602,0.010391828469936143,0.263680488686967,0.9159142535029543,0.4472129733124357,20.783656939872284,527.3609773739339,1831.8285070059087,894.4259466248714
1993,25 to 34 Years,36162.306918239,18.081153459119502,1.143942806068129,2287.885612136258,41367.61084994724,803.5973803513102,2966.5030635390817,24207.53341292874,13389.976993128104,0.022221961175436067,0.08203301493586078,0.6694134162309017,0.3702744137259304,44.443922350872135,164.06602987172155,1338.8268324618034,740.5488274518608
1993,35 to 44 Years,46447.79151943463,23.223895759717315,1.0678080107859047,2135.616021571809,49597.3238677659,818.8985998643465,4613.784764704313,27868.028135603978,16296.612367593267,0.017630517470818906,0.09933270482351822,0.5999860752032413,0.3508587132883263,35.26103494163781,198.66540964703643,1199.9721504064826,701.7174265766525
1993,45 to 54 Years,49704.11534353862,24.852057671769312,1.0708227849019396,2141.6455698038794,53224.29921325526,1802.7103433691946,5233.454293532477,28214.8987811721,17973.235795181485,0.03626883470130087,0.1052921726372263,0.5676571967162061,0.3616045808472064,72.53766940260174,210.5843452744526,1135.314393432412,723.2091616944128
1993,55 to 64 Years,35815.884448969206,17.907942224484604,1.3074734406638477,2614.946881327696,46828.31767091257,1051.8171635627868,5204.758708342687,24793.909980436758,15777.831818570337,0.029367337418720607,0.14531984309248244,0.6922601622685974,0.44052609788404734,58.73467483744121,290.6396861849649,1384.520324537195,881.0521957680946
1993,65 Years and Older,22469.71551438968,11.23485775719484,1.6303319106752716,3260.6638213505435,36633.09422690472,243.11937670713124,6048.564024193804,20365.344542574963,9976.066283428829,0.010819868927643377,0.26918738781184315,0.9063463455749107,0.44397830836087454,21.639737855286754,538.3747756236863,1812.6926911498213,887.9566167217491
1994,25 to 34 Years,36971.93103448276,18.48596551724138,1.122244946577572,2244.489893155144,41491.56276866278,833.8525515517025,3029.6362464056133,24188.21244109728,13439.861529608183,0.022553665124334182,0.08194422529837433,0.6542317851490517,0.36351527100581177,45.10733024866836,163.88845059674867,1308.4635702981034,727.0305420116235
1994,35 to 44 Years,46141.500493583415,23.070750246791707,1.0785261846850462,2157.0523693700925,49764.81648298769,849.7298568351271,4711.975432644966,27845.785580882613,16357.325612624987,0.018415739578154663,0.10212011707985587,0.6034867805123706,0.354503547514665,36.83147915630933,204.24023415971175,1206.9735610247412,709.00709502933
1994,45 to 54 Years,51073.90742001362,25.53695371000681,1.0464832624335794,2092.9665248671586,53447.989262126444,1870.5817817249406,5344.832781894138,28192.3793755276,18040.19532297977,0.03662499848194387,0.1046489891196328,0.5519918251737334,0.35321744965826934,73.24999696388774,209.2979782392656,1103.9836503474667,706.4348993165387
1994,55 to 64 Years,36956.1533764185,18.47807668820925,1.272255721053992,2544.5114421079843,47017.67756129724,1091.417726149478,5315.5264966347895,24774.120998711427,15836.612339801548,0.029532774015542027,0.14383332709152016,0.670365250040326,0.42852436990660386,59.065548031084056,287.66665418304035,1340.730500080652,857.0487398132077
1994,65 Years and Older,22752.98239895697,11.376491199478485,1.617013726427744,3234.0274528554883,36791.88485628228,252.27273950330067,6177.289695612387,20349.09017078362,10013.232250382975,0.011087458122187322,0.27149362607934696,0.8943482579108597,0.44008438431535,22.174916244374646,542.9872521586939,1788.6965158217195,880.1687686307
1995,25 to 34 Years,37727.57276507277,18.863786382536386,1.1027223269784352,2205.4446539568703,41603.03683074928,858.4149471250213,3078.58161777994,24124.038459627183,13542.001806217135,0.022752986323035337,0.08160030959187528,0.6394272594700449,0.3589417715934797,45.505972646070674,163.20061918375058,1278.8545189400897,717.8835431869594
1995,35 to 44 Years,46931.12781954887,23.465563909774435,1.0636097582904442,2127.2195165808885,49916.40551644832,874.7599425921409,4788.099880829507,27771.90765657384,16481.638036452834,0.018639226953070687,0.10202396795661607,0.5917587952149239,0.35118776816583364,37.27845390614137,204.04793591323215,1183.5175904298478,702.3755363316673
1995,45 to 54 Years,51014.55755156354,25.50727877578177,1.0516947648954862,2103.389529790972,53651.74311043887,1925.6826141076817,5431.181374321317,28117.58189985432,18177.297222155543,0.037747707841262294,0.10646336330236107,0.5511678087462418,0.3563158850056209,75.4954156825246,212.92672660472215,1102.3356174924836,712.6317700112418
1995,55 to 64 Years,39557.20324057767,19.778601620288836,1.1929642351906498,2385.928470381299,47190.32871017683,1123.5670958138503,5401.401630567629,24708.39253755371,15956.96744624164,0.02840360297922423,0.13654660057025683,0.6246243544388879,0.40338967720228075,56.807205958448456,273.09320114051366,1249.2487088777757,806.7793544045614
1995,65 Years and Older,23711.62162162162,11.85581081081081,1.5570939896873417,3114.1879793746834,36921.22351276744,259.70381686645567,6277.0870685139225,20295.10180191456,10089.330825472507,0.010952596199900676,0.26472618232023887,0.8559137002847717,0.42550151088243054,21.90519239980135,529.4523646404778,1711.8274005695432,851.003021764861
1996,25 to 34 Years,39039.04044409199,19.519520222045994,1.0662116621756836,2132.4233243513672,41623.880201639055,877.6475050419045,3096.798435134825,24122.578688585083,13526.855572877243,0.022481277589258067,0.07932568013729144,0.6179091087838379,0.3464955956652962,44.96255517851613,158.65136027458288,1235.8182175676757,692.9911913305924
1996,35 to 44 Years,47470.602582496416,23.73530129124821,1.0521084514439267,2104.2169028878534,49944.22217218037,894.3587057726037,4816.43238970381,27770.227149114497,16463.203927589464,0.0188402644398362,0.10146137035723553,0.584998412456514,0.34680840419034104,37.6805288796724,202.92274071447105,1169.996824913028,693.6168083806821
1996,45 to 54 Years,51695.658396946565,25.84782919847328,1.0388685416639472,2077.7370833278947,53704.99324919346,1968.8270194205209,5463.319173931974,28115.880475281483,18156.966580559485,0.03808495878518129,0.10568235986050752,0.5438731480967494,0.35122807492150904,76.16991757036259,211.36471972101504,1087.7462961934987,702.4561498430181
1996,55 to 64 Years,39849.36787872783,19.924683939363916,1.1851661297286884,2370.3322594573765,47228.12110096658,1148.7403168954688,5433.363215213022,24706.89740662928,15939.120162228808,0.028827064971052727,0.13634753835363672,0.6200072603866366,0.39998426601736237,57.654129942105456,272.6950767072734,1240.014520773273,799.9685320347247
1996,65 Years and Older,23561.92307692308,11.780961538461542,1.568279151864782,3136.5583037295637,36951.67273938016,265.5224116099979,6314.230325651372,20293.873723872963,10078.04627824583,0.011269131587567855,0.2679845064020105,0.8612995491759797,0.4277259646992239,22.53826317513571,535.969012804021,1722.5990983519594,855.4519293984479
1997,25 to 34 Years,40107.48244192328,20.05374122096164,1.0355374137362923,2071.0748274725847,41532.798639382985,900.0565303340833,3109.9108550225956,24188.668225014284,13334.163029012023,0.022441112618758592,0.07753941822516111,0.6030961494539112,0.3324607334384613,44.88222523751718,155.07883645032223,1206.1922989078225,664.9214668769225
1997,35 to 44 Years,47374.059616749466,23.68702980837473,1.0518206319756431,2103.6412639512864,49829.01332534121,917.1944191345207,4836.826059223378,27846.31028527137,16228.682561711945,0.01936068866705777,0.10209861891407931,0.587796581305143,0.34256474308936297,38.721377334115544,204.19723782815862,1175.593162610286,685.129486178726
1997,45 to 54 Years,53200.53654024052,26.60026827012026,1.0074480527524645,2014.896105504929,53596.77694285165,2019.0971953404223,5486.451882272542,28192.91061086104,17898.317254377645,0.03795257203493034,0.1031277547007938,0.5299365841834343,0.33643114183330614,75.90514406986068,206.2555094015876,1059.8731683668684,672.8622836666123
1997,55 to 64 Years,41481.94086790653,20.740970433953265,1.1359423295629885,2271.8846591259767,47121.09254428388,1178.0711708745125,5456.369084459252,24774.58782303491,15712.064465915199,0.028399615500776982,0.13153601230555484,0.5972379137689372,0.37876878798771935,56.79923100155396,263.07202461110967,1194.4758275378745,757.5375759754387
1997,65 Years and Older,24391.02229299363,12.195511146496816,1.5127379159239656,3025.4758318479307,36897.22423075817,272.3020109402833,6340.965949887901,20349.473613257847,9934.482656672135,0.011164026159678538,0.25997130721779366,0.8343017922255466,0.4073007903209467,22.328052319357077,519.9426144355873,1668.6035844510932,814.6015806418934
1998,25 to 34 Years,41998.060941828255,20.99903047091413,0.984246325872073,1968.4926517441456,41336.43717574587,930.2351634524475,3160.878953707976,24364.557149753527,12880.765908831921,0.022149478870963146,0.07526249743020581,0.5801352872815011,0.30669906228940286,44.298957741926294,150.52499486041162,1160.2705745630021,613.3981245788057
1998,35 to 44 Years,50245.27875793931,25.122639378969655,0.9869525120242073,1973.9050240484146,49589.704087504746,947.947680669102,4916.096443296406,28048.79590905477,15676.86405448447,0.018866403055218712,0.09784195778831474,0.5582374424507048,0.312006708729969,37.73280611043742,195.6839155766295,1116.4748849014097,624.013417459938
1998,45 to 54 Years,54573.6158861885,27.28680794309425,0.9775934445920469,1955.186889184094,53350.80913802227,2086.796935784369,5576.368935848738,28397.916553581184,17289.726712807977,0.03823820177384464,0.10218067550220741,0.5203598129323905,0.31681475438360435,76.47640354768929,204.36135100441481,1040.7196258647812,633.6295087672087
1998,55 to 64 Years,42611.12702078522,21.30556351039261,1.1005555962775986,2201.1111925551972,46895.914306420775,1217.5715538559539,5545.793113289994,24954.737286929132,15177.81235234569,0.02857402840488205,0.1301489423310681,0.5856389875526291,0.3561936379890193,57.1480568097641,260.2978846621362,1171.2779751052583,712.3872759780386
1998,65 Years and Older,24855.866203849797,12.427933101924898,1.4813585211260158,2962.717042252031,36820.449201041054,281.43221799795487,6444.887571233597,20497.445671890826,9596.683739918673,0.011322567304227172,0.2592904032543988,0.8246522371735362,0.3860933133938536,22.64513460845434,518.5808065087975,1649.3044743470723,772.1866267877073
1999,25 to 34 Years,43277.07591120855,21.638537955604274,0.9561647684704077,1912.3295369408154,41380.01526871698,953.916210703695,3200.776439277554,24365.709677721876,12859.612941013856,0.022042067090226755,0.0739600902298616,0.5630165431627805,0.29714606798753884,44.08413418045351,147.92018045972318,1126.033086325561,594.2921359750777
1999,35 to 44 Years,50561.70162620787,25.280850813103935,0.9819976151555069,1963.9952303110135,49651.470415140444,972.079636436417,4978.148767911678,28050.122714281108,15651.11929651124,0.01922561158290912,0.09845690725984847,0.5547701483951197,0.30954494791762954,38.45122316581824,196.91381451969696,1109.5402967902394,619.0898958352591
1999,45 to 54 Years,55986.29795575469,27.993148977877347,0.9546491044405948,1909.2982088811896,53447.26920440552,2139.920639103282,5646.755401894101,28399.259873423598,17261.33328998454,0.0382222207439834,0.1008595961525562,0.5072537551217835,0.3083135324222717,76.4444414879668,201.7191923051124,1014.507510243567,616.6270648445434
1999,55 to 64 Years,43420.454746136864,21.71022737306843,1.0818211401296565,2163.6422802593133,46973.16585841394,1248.5673392567405,5615.793642873638,24955.91773246275,15152.887143820812,0.02875528012216008,0.129335210229996,0.5747502617918364,0.34898038798566405,57.51056024432015,258.670420459992,1149.500523583673,697.9607759713281
1999,65 Years and Older,25610.397067806964,12.805198533903482,1.4405935403055903,2881.1870806111806,36894.17258054394,288.5966533088048,6526.236718934809,20498.415272088005,9580.923936212324,0.011268730138962953,0.25482762729744957,0.8003942780666656,0.3741029048025121,22.537460277925906,509.65525459489913,1600.7885561333312,748.2058096050242
2000,25 to 34 Years,44074.9324137931,22.037466206896553,0.9480897783501276,1896.1795567002553,41786.99290298996,969.4343976714177,3222.479962283919,24388.29029384499,13206.788249189627,0.021995142013378027,0.07311366769732028,0.5533369867678517,0.2996439818715776,43.99028402675605,146.22733539464056,1106.6739735357035,599.2879637431552
2000,35 to 44 Years,51477.305785123965,25.738652892561984,0.9742074167590143,1948.4148335180287,50149.57309063948,987.8933036919595,5011.904129575695,28076.117814017383,16073.657843354444,0.019190850970631865,0.09736143050097325,0.5454076779234023,0.31224745736400694,38.38170194126373,194.72286100194648,1090.8153558468046,624.4949147280139
2000,45 to 54 Years,55415.116594360086,27.707558297180043,0.9746925056031487,1949.3850112062976,54012.69884164746,2174.732594494203,5685.044388363892,28425.578531647156,17727.34332714221,0.03924439265215835,0.10259013673071458,0.5129571185372221,0.31990085768305365,78.4887853043167,205.18027346142918,1025.9142370744444,639.8017153661073
2000,55 to 64 Years,43465.29386343993,21.732646931719966,1.0919924244546217,2183.9848489092433,47463.77162557036,1268.8788731157624,5653.8726867679425,24979.045316504846,15561.97474918181,0.029192920611611408,0.1300778663669314,0.5746894383133466,0.35803219916273227,58.38584122322282,260.15573273386275,1149.3788766266932,716.0643983254645
2000,65 Years and Older,24915.916007303716,12.457958003651859,1.4938554134723572,2987.7108269447144,37220.77600913322,293.2915067708309,6570.489209373146,20517.411921580813,9839.583371408426,0.011771251222907357,0.26370650821936903,0.823466089529538,0.3949115645005427,23.542502445814716,527.413016438738,1646.9321790590761,789.8231290010855
2001,25 to 34 Years,43704.27855153204,21.85213927576602,0.9577590507693813,1915.5181015387625,41858.16834007596,992.651528863959,3278.640846480053,24667.86905157267,12919.006913159275,0.022712914198858496,0.0750187614380634,0.564426867783359,0.2956005073491003,45.42582839771699,150.0375228761268,1128.8537355667181,591.2010146982007
2001,35 to 44 Years,51005.00239120038,25.502501195600193,0.9848481471508816,1969.6962943017634,50232.18210039999,1011.5525100200429,5099.2508224078,28397.972525671357,15723.406242300785,0.019832417657028884,0.09997550403580702,0.556768379459398,0.30827184599864776,39.66483531405777,199.95100807161404,1113.536758918796,616.5436919972956
2001,45 to 54 Years,54567.70811099253,27.283854055496263,0.991491790877457,1982.983581754914,54103.43463904632,2226.8155947223227,5784.122465894744,28751.439337706783,17341.057240722464,0.04080830351520181,0.10599899952055247,0.5268947575959284,0.3177897302457743,81.61660703040361,211.99799904110495,1053.7895151918567,635.5794604915486
2001,55 to 64 Years,44450.41871921183,22.225209359605916,1.0695049796622806,2139.0099593245614,47539.94416827051,1299.2674453959858,5752.407508686963,25265.396281442077,15222.872932745482,0.02922958844557367,0.12941177326189565,0.5683950120029391,0.34246860595187223,58.45917689114734,258.8235465237913,1136.7900240058782,684.9372119037445
2001,65 Years and Older,24850.112427833486,12.425056213916744,1.5035386856832442,3007.0773713664885,37363.10537882562,300.3155894799989,6684.998682796845,20752.616294979238,9625.174811569534,0.012085079709483687,0.26901281441726116,0.8351115656014164,0.387329225955083,24.170159418967376,538.0256288345223,1670.2231312028327,774.658451910166
2002,25 to 34 Years,43486.32075471698,21.74316037735849,0.9621885597608083,1924.3771195216166,41842.04033627768,1037.298985464515,3379.373856197965,24818.54542945241,12606.822065162787,0.023853454775246734,0.07771119279690736,0.5707207461730441,0.28990316601561006,47.70690955049347,155.4223855938147,1141.4414923460884,579.8063320312201
2002,35 to 44 Years,49876.8917289607,24.93844586448035,1.0070366355189395,2014.073271037879,50227.857236875,1057.050094496632,5255.920279874953,28571.4331367339,15343.45372576952,0.02119318301230192,0.1053778633287033,0.5728390873271696,0.30762650185076473,42.386366024603845,210.7557266574066,1145.6781746543393,615.2530037015295
2002,45 to 54 Years,54568.85444035733,27.284427220178667,0.992102203573027,1984.204407146054,54137.880736734274,2326.9732530060805,5961.833929836305,28927.05899618549,16922.0145577064,0.04264288259064364,0.1092534192073332,0.5301020021925178,0.3101038995825324,85.28576518128727,218.5068384146664,1060.2040043850357,620.2077991650649
2002,55 to 64 Years,45680.957943925234,22.840478971962618,1.0411688093817637,2082.337618763527,47561.58859389506,1357.7058653188574,5929.144561815567,25419.72247757296,14855.015689187676,0.02972148410253311,0.12979466343708843,0.5564621151066149,0.3251905467355273,59.44296820506622,259.58932687417683,1112.9242302132297,650.3810934710546
2002,65 Years and Older,24517.173717371737,12.258586858685868,1.528568278831389,3057.136557662778,37476.17403097308,313.82317684363676,6890.388680911877,20879.37751007723,9392.584663140342,0.012800136771934529,0.281043351910896,0.8516225300179305,0.3831022601306279,25.600273543869058,562.0867038217921,1703.2450600358611,766.2045202612559
2003,25 to 34 Years,42803.90625,21.401953125,0.9835842656734636,1967.168531346927,42101.24869686203,1082.7547914872926,3435.594945806465,24872.291765418893,12710.607194149376,0.025295700470965604,0.08026358449017641,0.581075278974542,0.2969497017377795,50.591400941931205,160.52716898035283,1162.150557949084,593.899403475559
2003,35 to 44 Years,50930.11767590096,25.46505883795048,0.9925326901898165,1985.0653803796329,50549.806708545904,1103.3714200981224,5343.360609830761,28633.306619560513,15469.768059056509,0.02166441921692661,0.10491553630081488,0.562207745165081,0.303744989506994,43.32883843385322,209.83107260162976,1124.415490330162,607.4899790139881
2003,45 to 54 Years,55005.64566115703,27.502822830578516,0.9915525722046842,1983.1051444093682,54540.98944109968,2428.9442818907455,6061.018220732556,28989.702612256813,17061.324326219565,0.044158090550439205,0.11018902056107714,0.5270314031188307,0.3101740579743371,88.31618110087841,220.3780411221543,1054.0628062376613,620.3481159486743
2003,55 to 64 Years,47773.94419306184,23.886972096530922,1.0025771961786227,2005.1543923572456,47897.067019473936,1417.2023222852008,6027.785014720834,25474.77070545311,14977.308977014789,0.02966475442257957,0.12617306602028983,0.5332356608971964,0.3135037148385569,59.32950884515914,252.34613204057965,1066.471321794393,627.0074296771138
2003,65 Years and Older,25095.4351687389,12.54771758436945,1.5033450503184556,3006.690100636911,37727.09824651133,327.5753212609651,7005.020910416894,20924.593296055402,9469.908718778062,0.013053183539491755,0.2791352635774561,0.833800775135429,0.37735582806607876,26.10636707898351,558.2705271549122,1667.601550270858,754.7116561321575
2004,25 to 34 Years,42202.61392228124,21.101306961140622,1.0018737497974788,2003.7474995949574,42281.69106157119,1130.0495541038265,3493.71148922794,24847.645272387763,12810.284745851659,0.026776766865315108,0.08278424402009385,0.5887702908200487,0.3035424480920211,53.553533730630214,165.5684880401877,1177.5405816400973,607.0848961840421
2004,35 to 44 Years,51514.47583643123,25.757237918215615,0.9857681988866874,1971.5363977733748,50781.33206187059,1151.5667176869035,5433.748927952161,28604.93325538832,15591.083160843204,0.02235423536761508,0.10548003914871232,0.5552795168918094,0.30265440747855055,44.708470735230165,210.96007829742464,1110.5590337836188,605.308814957101
2004,45 to 54 Years,53800.761614623,26.9003808073115,1.019589352584537,2039.1787051690737,54854.683703208466,2535.0406428803044,6163.546439035331,28960.976087570376,17195.120533722456,0.0471190475153289,0.11456243841276932,0.5383004853168994,0.3196073813395392,94.2380950306578,229.12487682553865,1076.6009706337989,639.2147626790784
2004,55 to 64 Years,47166.99421965318,23.583497109826588,1.020907670713445,2041.8153414268902,48153.14620334065,1479.1057633404102,6129.751059923845,25449.527202981233,15094.762177095163,0.03135891501697829,0.12995848392157555,0.5395622007301267,0.3200280710447645,62.717830033956574,259.9169678431511,1079.1244014602535,640.056142089529
2004,65 Years and Older,25265.798712697484,12.632899356348743,1.50058319013512,3001.1663802702406,37913.432833611405,341.8838213755582,7123.517883526459,20903.858663006125,9544.17246570326,0.01353148678429637,0.2819431107058765,0.8273579197201774,0.3777506729247699,27.06297356859274,563.886221411753,1654.7158394403548,755.5013458495398
2005,25 to 34 Years,41727.474972191325,20.863737486095662,1.0238310983463668,2047.6621966927337,42721.886531999175,1163.4089513225213,3522.5313714241042,24821.690582716736,13214.255626535816,0.02788112513632465,0.08441755399222321,0.5948524467214658,0.3166799724963532,55.7622502726493,168.83510798444644,1189.7048934429315,633.3599449927065
2005,35 to 44 Years,51222.79661016949,25.611398305084744,1.0019354097935171,2003.870819587034,51321.933712380145,1185.5613079414973,5478.572321203136,28575.05387818516,16082.746205050347,0.023145188986150016,0.10695574400003476,0.5578581367912276,0.31397634001610464,46.290377972300035,213.9114880000695,1115.7162735824552,627.9526800322093
2005,45 to 54 Years,53840.509109059145,26.920254554529574,1.0306803969025864,2061.3607938051728,55492.35729796239,2609.875792776403,6214.389985456171,28930.724804654717,17737.366715075103,0.048474203456914715,0.11542219953508101,0.5373412191562443,0.3294427747543463,96.94840691382943,230.844399070162,1074.6824383124886,658.8855495086926
2005,55 to 64 Years,48012.69906928646,24.006349534643228,1.0142483922726762,2028.496784545352,48696.8028396956,1522.7694031414665,6180.315825784879,25422.94381555813,15570.773795211122,0.031715971662913164,0.12872252436519246,0.5295045750056799,0.3243053212388905,63.43194332582633,257.44504873038494,1059.00915001136,648.610642477781
2005,65 Years and Older,25301.226031377108,12.650613015688554,1.5122360838916924,3024.4721677833845,38261.42697134826,351.9763329459532,7182.280304767736,20882.0234686214,9845.14686501317,0.013911433877135148,0.2838708407197616,0.8253364260974836,0.38911738319731193,27.8228677542703,567.7416814395232,1650.6728521949672,778.2347663946239
2006,25 to 34 Years,42275.98066298343,21.137990331491714,1.0173660323291245,2034.7320646582489,43010.146709922235,1196.614830286221,3549.4758341705838,24961.20473616804,13302.851309297392,0.0283048390958786,0.08395963330729976,0.5904346710524425,0.3146668888735036,56.6096781917572,167.9192666145995,1180.869342104885,629.3337777470072
2006,35 to 44 Years,51783.51023502654,25.89175511751327,0.9977329913518305,1995.465982703661,51666.116569491154,1219.399456814943,5520.478885615897,28735.664390928254,16190.573836132062,0.02354802622071258,0.10660688818815968,0.5549192061431818,0.31265887079977644,47.09605244142516,213.21377637631934,1109.8384122863636,625.3177415995528
2006,45 to 54 Years,54900.10598964752,27.45005299482376,1.0181385400793708,2036.2770801587415,55895.91376250244,2684.366555106113,6261.924948753752,29093.334420885476,17856.2878377571,0.04889547126944167,0.11406034352528498,0.5299322086258192,0.3252505166588248,97.79094253888334,228.12068705056996,1059.8644172516385,650.5010333176497
2006,55 to 64 Years,48871.207471647765,24.435603735823882,1.0033480054518082,2006.6960109036168,49034.828540699295,1566.2321050854907,6227.590149834978,25565.837405857634,15675.168879921197,0.03204815649365995,0.12742861230608765,0.5231267801330558,0.32074445651900496,64.09631298731989,254.85722461217532,1046.2535602661117,641.48891303801
2006,65 Years and Older,26659.52326249282,13.329761631246411,1.4445040574473396,2889.008114894679,38509.78952228261,362.0223992896959,7237.21883155461,20999.394113335,9911.154178103307,0.013579477612003055,0.2714684265092101,0.7876882833414717,0.3717678699846546,27.15895522400611,542.9368530184202,1575.3765666829433,743.5357399693092
2007,25 to 34 Years,42949.37672366244,21.47468836183122,1.0029738761306095,2005.9477522612192,43077.1028499255,1227.9202199183767,3603.0778624085037,25031.96986401844,13214.134903580176,0.02858994270903747,0.08389127240636839,0.5828249854491457,0.30766767556605795,57.179885418074946,167.78254481273677,1165.6499708982915,615.3353511321159
2007,35 to 44 Years,53262.02157718983,26.631010788594914,0.9717031874982598,1943.4063749965194,51754.87613915645,1251.300929324439,5603.845804828285,28817.130128899775,16082.599276103947,0.023493305215818647,0.10521278837880622,0.5410446182020454,0.3019524757015895,46.986610431637295,210.42557675761245,1082.0892364040908,603.904951403179
2007,45 to 54 Years,54848.06451612903,27.424032258064514,1.0214417227677355,2042.8834455354709,56024.10150983073,2754.5939489142147,6356.48873608695,29175.81415500284,17737.204669826726,0.050222263505837625,0.11589267173170191,0.5319388097354499,0.32338797779474593,100.44452701167525,231.78534346340382,1063.8776194708998,646.7759555894919
2007,55 to 64 Years,48938.48329048843,24.469241645244217,1.0040726158069095,2008.1452316138189,49137.79093110345,1607.2072836167188,6321.6354338884885,25638.31667004982,15570.631543548427,0.03284137912645715,0.1291751400705372,0.5238886648338941,0.3181674317760211,65.6827582529143,258.3502801410744,1047.777329667788,636.3348635520422
2007,65 Years and Older,26842.11327134404,13.42105663567202,1.4388579777624075,2877.715955524815,38621.98882047556,371.49349389632135,7346.510914751351,21058.927490225975,9845.056921601916,0.01383994956510814,0.27369346222803925,0.7845480449822836,0.36677652098697644,27.67989913021628,547.3869244560785,1569.0960899645672,733.5530419739529
2008,25 to 34 Years,41615.47457166168,20.80773728583084,1.037817500997133,2075.635001994266,43189.26782277167,1249.893881513436,3599.2580632117265,24879.76360577519,13460.352272271311,0.030034353672000635,0.08648845412092607,0.5978488497814037,0.3234458434228027,60.06870734400127,172.97690824185213,1195.6976995628074,646.8916868456054
2008,35 to 44 Years,50545.69746139754,25.27284873069877,1.026709951222652,2053.4199024453046,51895.7705751064,1273.6929892714495,5597.904893606944,28641.908299612845,16382.264392615161,0.025198840915078614,0.11074938471038297,0.5666537358889364,0.32410798970825416,50.397681830157225,221.49876942076594,1133.307471777873,648.2159794165083
2008,45 to 54 Years,51801.07047711311,25.900535238556557,1.0853009034508887,2170.6018069017773,56219.74858853403,2803.887473268153,6349.749911255616,28998.41135658718,18067.699847423075,0.05412798321430392,0.12257951144197067,0.5598033223927165,0.3487900864018977,108.25596642860783,245.15902288394133,1119.606644785433,697.5801728037953
2008,55 to 64 Years,47069.7191011236,23.534859550561798,1.0472567833277775,2094.5135666555548,49294.08261798475,1635.9682962545398,6314.933558748731,25482.423535422287,15860.757227559188,0.03475627914285742,0.13416127564266658,0.5413761548199678,0.3369630737222856,69.51255828571485,268.3225512853332,1082.7523096399357,673.9261474445713
2008,65 Years and Older,27096.55890410959,13.548279452054794,1.4273488349585892,2854.6976699171782,38676.24178316761,378.14137882176595,7338.722518951178,20930.879215427176,10028.498669967486,0.013955328429707555,0.270835959094354,0.7724552512183642,0.37010229621616336,27.91065685941511,541.671918188708,1544.9105024367284,740.2045924323268
2009,25 to 34 Years,40447.46057640022,20.22373028820011,1.0507267774085616,2101.453554817123,42499.22990580084,1318.5099615777117,3725.24515168581,25052.37575671405,12403.09903582327,0.03259809003552177,0.0921008414026212,0.6193806829823897,0.30664716298802885,65.19618007104354,184.2016828052424,1238.7613659647793,613.2943259760577
2009,35 to 44 Years,49666.62972972973,24.833314864864864,1.0283282118393298,2056.6564236786594,51073.596538059064,1343.6155814385004,5793.851871210165,28840.621658667515,15095.507426742883,0.02705268283251826,0.11665482241775807,0.5806840894099149,0.3039366171791385,54.10536566503652,233.30964483551614,1161.3681788198298,607.873234358277
2009,45 to 54 Years,51702.69324258629,25.851346621293146,1.071085119037407,2142.1702380748143,55377.98534629008,2957.8139547099445,6572.014191784535,29199.598081565084,16648.559118230518,0.05720812145765867,0.12711164118567272,0.5647597107671378,0.3220056456269379,114.41624291531734,254.22328237134545,1129.5194215342756,644.0112912538758
2009,55 to 64 Years,46587.85670916818,23.293928354584093,1.0418152014686828,2083.6304029373655,48535.93732345618,1725.77890598606,6535.9791406440445,25659.216852564707,14614.962424261368,0.037043535116017434,0.1402936216071474,0.5507704939668354,0.3137075507786826,74.08707023203488,280.5872432142948,1101.5409879336707,627.4151015573652
2009,65 Years and Older,28067.842401500937,14.033921200750468,1.3649571549085484,2729.914309817097,38311.40230877424,398.900404454752,7595.604428234675,21076.094585623763,9240.80289046105,0.01421200813189049,0.270615899846598,0.7508982801077974,0.32923096682226255,28.42401626378098,541.231799693196,1501.7965602155948,658.4619336445251
2010,25 to 34 Years,40078.5627753304,20.0392813876652,1.0695452292377985,2139.090458475597,42865.835611062255,1354.5327025296622,3790.311979706205,24557.638399233052,13163.352529593332,0.03379693803200496,0.09457205341802476,0.6127375010151073,0.32843873677266155,67.59387606400992,189.1441068360495,1225.4750020302145,656.8774735453231
2010,35 to 44 Years,49881.71052631579,24.940855263157893,1.033790551010135,2067.58110202027,51567.24101032805,1380.3242278951775,5895.049926084239,28271.073561270226,16020.793295078403,0.027671950567271914,0.11818058891493353,0.5667623115361177,0.3211756999918119,55.34390113454383,236.36117782986707,1133.5246230722353,642.3513999836238
2010,45 to 54 Years,50807.44351669941,25.403721758349704,1.1025437366881135,2205.0874733762266,56017.42862647202,3038.6237847297994,6686.803984067313,28622.96087419328,17669.03998348163,0.059806665606606704,0.13161071530531726,0.5633615646255745,0.34776479115061487,119.61333121321341,263.2214306106345,1126.723129251149,695.5295823012298
2010,55 to 64 Years,46217.831187410586,23.108915593705294,1.0620653419085022,2124.1306838170044,49086.35668232666,1772.9285584591346,6650.139528315906,25152.495523460115,15510.793072091503,0.03836027162914706,0.14388687996522342,0.5442162662602714,0.3356019240538603,76.72054325829413,287.77375993044683,1088.4325325205427,671.2038481077205
2010,65 Years and Older,27469.797244606187,13.734898622303094,1.4053680262732602,2810.7360525465206,38605.17473577884,409.798680807634,7728.27271365456,20659.881311379042,9807.222029937604,0.014918154552018026,0.28133708614001657,0.7520944231008366,0.35701836248038904,29.83630910403605,562.6741722800332,1504.1888462016732,714.0367249607781
2011,25 to 34 Years,39416.86746987952,19.70843373493976,1.0979994231130379,2195.998846226076,43279.69774285079,1368.3269989565251,3786.744618321821,24123.959681978235,14000.666443594206,0.03471425018748978,0.09606914149673282,0.6120212292469107,0.3551948021819046,69.42850037497956,192.13828299346562,1224.0424584938214,710.3896043638092
2011,35 to 44 Years,49454.48456449834,24.727242282249172,1.0534043119676952,2106.8086239353906,52095.56728638238,1394.381180177841,5889.501629907585,27771.816966717095,17039.867509579857,0.028195242402320353,0.11908933399612164,0.5615631668448026,0.3445565687244507,56.39048480464071,238.17866799224328,1123.1263336896052,689.1131374489014
2011,45 to 54 Years,50213.18847777502,25.106594238887507,1.1283993138283757,2256.7986276567513,56660.52742345623,3069.5685357409775,6680.51050573481,28117.490081189717,18792.958300790724,0.061130723397491614,0.13304294565344496,0.5599622516230943,0.37426339315434476,122.26144679498323,266.08589130688995,1119.9245032461886,748.5267863086896
2011,55 to 64 Years,45297.76927437642,22.64888463718821,1.0958730057245727,2191.7460114491455,49640.602567329086,1790.9837165467634,6643.880557792873,24708.311851681952,16497.4264413075,0.039538011368693796,0.14667125256322758,0.5454642082266664,0.364199533565985,79.07602273738759,293.34250512645514,1090.9284164533328,728.39906713197
2011,65 Years and Older,28098.716417910447,14.049358208955224,1.3830190753086025,2766.038150617205,38861.060797657155,413.97199051646635,7720.999027004414,20295.035527753713,10431.05425238256,0.014732772286089046,0.27478120039970794,0.722276250128544,0.37122885249426146,29.465544572178093,549.5624007994159,1444.552500257088,742.4577049885229
2012,25 to 34 Years,40017.78918918919,20.008894594594597,1.082110177880674,2164.220355761348,43303.65697790484,1393.9130485698643,3845.921578092714,24023.334782751248,14040.487568491008,0.03483233523920982,0.09610529856885972,0.6003163910224494,0.35085615305015516,69.66467047841964,192.21059713771942,1200.6327820448987,701.7123061003103
2012,35 to 44 Years,50023.36101882614,25.01168050941307,1.0424390055059776,2084.878011011955,52146.30271253161,1420.4544112718293,5981.539207339491,27655.976270559997,17088.332823360288,0.028395821119201598,0.11957491630936909,0.5528612173850485,0.34160705069235847,56.7916422384032,239.14983261873817,1105.722434770097,683.214101384717
2012,45 to 54 Years,50485.88382573861,25.242941912869306,1.1242448038821768,2248.4896077643534,56758.49256048586,3126.9657316648363,6784.909492541081,28000.207527113445,18846.409809166496,0.06193742675592525,0.13439220982959227,0.5546145854108716,0.37330058188578763,123.8748535118505,268.78441965918455,1109.2291708217433,746.6011637715752
2012,55 to 64 Years,45323.42504211117,22.661712521055588,1.0970437131266813,2194.0874262533625,49721.77849981645,1824.4729324017403,6747.707113877177,24605.249525972555,16544.348927564977,0.040254524690192216,0.1488790202330849,0.5428815122226791,0.36502865598072504,80.50904938038443,297.7580404661698,1085.7630244453583,730.0573119614501
2012,65 Years and Older,28058.62604540024,14.029313022700121,1.3876116065569506,2775.223213113901,38934.47516463852,421.7127629312212,7841.658140534661,20210.381684366886,10460.722576805752,0.015029701106849251,0.2794740600571985,0.7202912092582685,0.3728166361346342,30.0594022136985,558.9481201143969,1440.582418516537,745.6332722692684
2013,25 to 34 Years,39743.661784287615,19.87183089214381,1.0899712798147072,2179.9425596294145,43319.449899542844,1423.9767174261142,3883.6167666973643,24169.082454594296,13842.77396082507,0.03582902665473753,0.09771663184374031,0.6081241981620671,0.3483014231541623,71.65805330947505,195.43326368748063,1216.248396324134,696.6028463083246
2013,35 to 44 Years,50253.4375,25.12671875,1.0379930759340756,2075.9861518681514,52162.720166885825,1451.0905195209696,6040.166312439901,27823.762890961872,16847.700443963084,0.028875447963554127,0.12019409244272894,0.5536688488416712,0.3352546866861214,57.75089592710825,240.3881848854579,1107.3376976833424,670.5093733722429
2013,45 to 54 Years,51816.236668359576,25.908118334179786,1.0961220894753267,2192.2441789506533,56796.92160567034,3194.4075727309373,6851.410703705573,28170.08257131959,18581.020757914233,0.0616487761003595,0.13222517002839831,0.5436535800856611,0.3585945632609077,123.297552200719,264.4503400567966,1087.3071601713223,717.1891265218154
2013,55 to 64 Years,44845.46052631579,22.42273026315789,1.1092219888129582,2218.4439776259164,49743.570914233016,1863.8228402982143,6813.84369184471,24754.52762853235,16311.376753557739,0.04156101461383151,0.15194054452504227,0.5519962854212664,0.363724144252818,83.12202922766302,303.88108905008454,1103.9925708425328,727.448288505636
2013,65 Years and Older,28889.222170470424,14.444611085235213,1.349836952973767,2699.673905947534,38995.73962836999,430.80818884048165,7918.51690548307,20332.996471372677,10313.418062673763,0.014912419112510376,0.27409934607298314,0.7038263734271244,0.3569988143611491,29.824838225020752,548.1986921459663,1407.6527468542488,713.9976287222983
2014,25 to 34 Years,40373.39785508763,20.186698927543812,1.0720768342689728,2144.153668537946,43283.384561164086,1447.2459300518308,3913.3339665411604,24398.430801169325,13524.37386340177,0.035846522882380015,0.09692852656561886,0.6043194800879206,0.33498230473305346,71.69304576476003,193.8570531312377,1208.6389601758412,669.9646094661069
2014,35 to 44 Years,50167.78846153846,25.083894230769232,1.0386976363456466,2077.3952726912935,52109.163295688406,1474.802798959729,6086.385298549899,28087.791698283218,16460.18349989556,0.029397405071790207,0.12132058209454609,0.5598770159026832,0.32810263327662714,58.79481014358041,242.64116418909217,1119.7540318053664,656.2052665532543
2014,45 to 54 Years,52241.97054342306,26.12098527171153,1.0861282073667722,2172.2564147335443,56741.47781563579,3246.607407260137,6903.83728267183,28437.39771961915,18153.635406084675,0.062145577080818304,0.13215116525770065,0.5443400664984918,0.34749139852976135,124.29115416163661,264.3023305154013,1088.6801329969835,694.9827970595227
2014,55 to 64 Years,44996.856838176485,22.498428419088242,1.1042080097342188,2208.4160194684378,49685.889733578435,1894.2795812243992,6865.982810315745,24989.431456284838,15936.195885753452,0.0420980422707491,0.15258805376135673,0.5553594898007002,0.35416242390141295,84.1960845414982,305.17610752271344,1110.7189796014004,708.3248478028258
2014,65 Years and Older,30334.611748818366,15.167305874409184,1.2862896520308116,2572.5793040616236,39019.09719087735,437.848028203269,7979.10891635412,20525.942940498517,10076.19730582144,0.014433942053678159,0.263036460872618,0.6766509197632329,0.33216832934128265,28.867884107356318,526.072921745236,1353.3018395264658,664.3366586825653
2015,25 to 34 Years,42742.9267670324,21.371463383516197,1.0022231699589284,2004.4463399178564,42837.95155777754,1497.698752780671,4011.4600248726474,24875.240956470014,12453.551823654207,0.035039686471256,0.09385085038132403,0.5819732722574411,0.2913593608489072,70.079372942512,187.70170076264804,1163.9465445148821,582.7187216978143
2015,35 to 44 Years,52724.354706684855,26.362177353342428,0.9778940074083716,1955.788014816743,51558.83051214049,1526.2162889760716,6239.000179860753,28636.701766756552,15156.912276547117,0.028947083325470545,0.118332414205341,0.5431399194180321,0.287474590459528,57.89416665094109,236.66482841068202,1086.279838836064,574.949180919056
2015,45 to 54 Years,53497.72854596384,26.74886427298192,1.0495054799884174,2099.010959976835,56146.15927592183,3359.788245835906,7076.949607278594,28993.140018520982,16716.281404286354,0.06280244670480288,0.13228504834926338,0.5419508604671102,0.312467124467241,125.60489340960576,264.57009669852675,1083.9017209342203,624.9342489344821
2015,55 to 64 Years,47834.00625978091,23.917003129890453,1.0275256081486828,2055.0512162973655,49150.66637226928,1960.316562172726,7038.145941678519,25477.79133445274,14674.412533965295,0.04098165124464958,0.1471368696039209,0.5326292595290018,0.3067778277711106,81.96330248929915,294.2737392078418,1065.2585190580035,613.5556555422213
2015,65 Years and Older,31111.872414543872,15.555936207271936,1.2483260900835775,2496.652180167155,38837.762046426666,453.11196399358806,8179.183459864516,20927.07439525925,9278.392227309312,0.014563956741535483,0.26289589231026134,0.672639502901679,0.29822673813010175,29.127913483070966,525.7917846205227,1345.279005803358,596.4534762602035
2016,25 to 34 Years,44000.94797398699,22.000473986993498,0.9738566293069052,1947.7132586138105,42850.614880255474,1520.4491666146064,4111.247679374482,25174.223947851155,12044.69408641523,0.03455491839661008,0.09343543420484982,0.5721291269164008,0.27373714978904445,69.10983679322017,186.87086840969963,1144.2582538328018,547.4742995780889
2016,35 to 44 Years,54189.173260572985,27.094586630286493,0.9519206986143658,1903.8413972287317,51583.79566753955,1549.3998912257448,6394.199331921253,28980.89488522713,14659.301559165418,0.02859242534990027,0.11799772809181334,0.5348096887522195,0.2705208564204328,57.18485069980054,235.9954561836267,1069.619377504439,541.0417128408656
2016,45 to 54 Years,53670.0025846472,26.8350012923236,1.0466351362692667,2093.270272538534,56172.91046875412,3410.8242588159824,7252.993291612812,29341.61727538209,16167.475642943236,0.06355178115440747,0.13514054299091086,0.5467042269861103,0.30123858513783813,127.10356230881494,270.2810859818217,1093.4084539722207,602.4771702756763
2016,55 to 64 Years,48783.75812743823,24.391879063719117,1.0081219578174396,2016.2439156348794,49179.977753125466,1990.094254750853,7213.224359812327,25784.01655977977,14192.642578782514,0.0407941973136246,0.14786118652378438,0.5285369055090828,0.29092966847094787,81.5883946272492,295.72237304756874,1057.0738110181658,581.8593369418958
2016,65 Years and Older,31155.052631578947,15.577526315789473,1.2516435565660253,2503.2871131320503,38995.02088079118,459.99484659920034,8382.645921945512,21178.60318706068,8973.776925185788,0.014764694896806138,0.269062165327521,0.6797806903909358,0.28803600595076234,29.529389793612275,538.124330655042,1359.5613807818715,576.0720119015247
2017,25 to 34 Years,44896.55437205846,22.44827718602923,0.9628787242490909,1925.757448498182,43229.936996947596,1523.4952556086948,4126.494270730407,25381.930763675326,12198.01670693317,0.03393345607289738,0.09191115729136101,0.565342510548468,0.2716916003363646,67.86691214579477,183.82231458272202,1130.685021096936,543.3832006727291
2017,35 to 44 Years,55241.53846153846,27.62076923076923,0.9419783397277813,1883.9566794555626,52036.332684008376,1552.503980503924,6417.9122657712915,29220.009680138588,14845.906757594572,0.028103923673031737,0.11617910080907176,0.528949962182585,0.2687453530630928,56.207847346063474,232.3582016181435,1057.8999243651701,537.4907061261855
2017,45 to 54 Years,56166.35373443984,28.083176867219922,1.0086917214098603,2017.3834428197206,56654.53603370726,3417.657551545316,7279.891068990532,29583.708308973662,16373.279104197749,0.06084884142033403,0.1296130260370931,0.5267158421721375,0.2915140117802956,121.69768284066807,259.2260520741862,1053.431684344275,583.0280235605912
2017,55 to 64 Years,48948.415892672856,24.474207946336428,1.0133957775038511,2026.7915550077023,49604.11798113707,1994.08123724241,7239.974653822683,25996.754636229856,14373.307453842122,0.04073842229368053,0.1479102953954112,0.5311051269408157,0.2936419328739437,81.47684458736106,295.8205907908224,1062.2102538816314,587.2838657478874
2017,65 Years and Older,31768.213197969544,15.884106598984772,1.237589303903391,2475.1786078067817,39316.00085792964,460.91640666863896,8413.733024163776,21353.343041631786,9088.00838546544,0.014508729332567508,0.2648475371193221,0.672160656583499,0.2860723808680023,29.017458665135017,529.6950742386441,1344.321313166998,572.1447617360046
2018,25 to 34 Years,45614.8553212359,22.807427660617947,0.9550502808974821,1910.1005617949645,43564.48038764435,1521.3174166605374,4107.796008475124,25492.16589520782,12443.201067300868,0.03335135902431091,0.09005390852489997,0.5588566644721988,0.27278834887607245,66.70271804862182,180.10781704979993,1117.7133289443977,545.5766977521449
2018,35 to 44 Years,56209.368505195846,28.104684252597924,0.9327687796961938,1865.5375593923875,52430.34406808519,1550.2846735363023,6388.830968475429,29346.913801044968,15144.314625028497,0.027580538881040766,0.11366131907147937,0.522100044556313,0.26942687718736064,55.16107776208153,227.32263814295874,1044.200089112626,538.8537543747212
2018,45 to 54 Years,57704.23863938347,28.852119319691734,0.9890825516581119,1978.1651033162238,57074.25559493002,3412.7720045114033,7246.90391246801,29712.191993174936,16702.38768477567,0.05914248389687906,0.12558702936463245,0.5149048439726955,0.28944819442390485,118.28496779375811,251.1740587292649,1029.809687945391,578.8963888478097
2018,55 to 64 Years,49887.17604543108,24.943588022715538,1.0016657369468742,2003.3314738937481,49970.27495774516,1991.230694867389,7207.168369379492,26109.65998190372,14662.215911594563,0.03991468053942404,0.14446935947659362,0.5233741825379385,0.2939075143929179,79.82936107884808,288.9387189531872,1046.748365075877,587.8150287858358
2018,65 Years and Older,32909.80757903004,16.454903789515022,1.2018492617680812,2403.698523536162,39552.62794378686,460.2575259149299,8375.608122901305,21446.081793493067,9270.680501477556,0.01398542136138783,0.25450188679432445,0.651662327164696,0.2816996264476729,27.97084272277566,509.0037735886489,1303.324654329392,563.3992528953457
2019,25 to 34 Years,47217.79426070039,23.608897130350197,0.9241421704236822,1848.2843408473643,43635.95487070254,1537.556289343511,4148.657251432665,25761.837825030267,12187.9035048961,0.03256306893232467,0.08786215697681612,0.5455959607683745,0.25812098374616693,65.12613786464934,175.72431395363225,1091.1919215367489,516.2419674923339
2019,35 to 44 Years,59101.90102120974,29.55095051060487,0.8884684913990853,1776.9369827981707,52510.176839132284,1566.8327490136626,6452.382219287039,29657.363643227603,14833.598227603978,0.02651069968885396,0.10917385241079623,0.5018005027043808,0.2509834365950544,53.021399377707915,218.34770482159246,1003.6010054087616,501.9668731901088
2019,45 to 54 Years,61547.82151523322,30.77391075761661,0.9286177823408086,1857.2355646816172,57154.40152338378,3449.200674472291,7318.99062291964,30026.505974458138,16359.70425153371,0.056040987147182884,0.11891551061816501,0.48785651929250673,0.265804765282954,112.08197429436576,237.83102123633,975.7130385850135,531.609530565908
2019,55 to 64 Years,51731.25095153514,25.86562547576757,0.9672799192059118,1934.5598384118239,50038.60024082167,2012.485523992635,7278.8598207489185,26385.864146872358,14361.390749207752,0.038902703626441375,0.1407052736375577,0.5100565646787119,0.27761537726320096,77.80540725288274,281.4105472751154,1020.1131293574238,555.2307545264019
2019,65 Years and Older,34857.952263686304,17.42897613184315,1.1382630232434139,2276.526046486828,39677.51812773818,465.17041475907354,8458.922327823098,21672.95173809313,9080.47364706288,0.013344743008431694,0.24266836628367536,0.6217505714089576,0.2604993425423493,26.689486016863388,485.33673256735074,1243.5011428179153,520.9986850846986
2020,25 to 34 Years,47943.82818203943,23.971914091019716,0.9045021303950622,1809.0042607901246,43365.29472994949,1548.3094848942396,4265.47238469647,26001.595217484362,11549.917642874418,0.0322942398136297,0.08896812262259833,0.5423345653325405,0.24090520262629364,64.5884796272594,177.93624524519666,1084.6691306650812,481.81040525258726
2020,35 to 44 Years,58211.47874777297,29.105739373886486,0.8967707520909988,1793.5415041819977,52202.35157696956,1577.7906951143698,6634.064108904392,29933.37547990078,14057.121293050015,0.027104459963143132,0.11396487860494689,0.5142177474927307,0.24148366603017804,54.20891992628626,227.92975720989378,1028.4354949854614,482.96733206035606
2020,45 to 54 Years,60834.40980548894,30.41720490274447,0.9338085590416222,1867.6171180832443,56807.69256061116,3473.3233226012526,7525.073895929877,30305.95330371462,15503.34203836541,0.0570947155352835,0.12369765598105478,0.4981712389520082,0.2548449485732757,114.18943107056701,247.39531196210956,996.3424779040164,509.68989714655146
2020,55 to 64 Years,50853.43781597573,25.426718907987865,0.9783298149508595,1956.659629901719,49751.43440811858,2026.5602284652389,7483.8131173066695,26631.42915774109,13609.631904605576,0.039850997602144216,0.14716434991845548,0.5236898487396807,0.267624618690579,79.70199520428844,294.32869983691097,1047.3796974793615,535.2492373811581
2020,65 Years and Older,33585.47851002865,16.792739255014325,1.1804307212236695,2360.861442447339,39645.33062023518,468.4236734976226,8697.103040064776,21874.655142594027,8605.148764078753,0.013947208563896175,0.25895426910376795,0.651312892149571,0.2562163514064344,27.89441712779235,517.9085382075359,1302.625784299142,512.4327028128688
2021,25 to 34 Years,48803.99654406319,24.401998272031598,0.8996812914414865,1799.362582882973,43908.04263826861,1499.8980563649247,4125.052399668921,25656.355125532456,12626.737056702308,0.03073309897911181,0.08452284017241446,0.5257019289878925,0.25872342330206766,61.46619795822362,169.04568034482892,1051.403857975785,517.4468466041353
2021,35 to 44 Years,59341.82503770739,29.670912518853697,0.8905649518724083,1781.1299037448166,52847.749558726755,1528.4574692858366,6415.669732190956,29535.93058405213,15367.691773197834,0.02575683286307109,0.10811379205331596,0.49772534911563987,0.25896897784038136,51.51366572614218,216.22758410663192,995.4506982312797,517.9379556807627
2021,45 to 54 Years,61301.90488984417,30.650952444922083,0.9378889138789466,1875.7778277578932,57494.376995846425,3364.721944497056,7277.347344566242,29903.561449762943,16948.74625702019,0.054887722502967216,0.11871323342469042,0.48780802984014676,0.27647992811114214,109.77544500593443,237.42646684938086,975.6160596802936,552.9598562222843
2021,55 to 64 Years,50168.160449667856,25.08408022483393,1.003763106460517,2007.5262129210341,50356.94857836826,1963.195199304161,7237.444876909313,26277.826350900737,14878.482151254047,0.03913229390329696,0.1442637085362222,0.5237948953154153,0.29657220870558254,78.26458780659391,288.5274170724444,1047.5897906308307,593.1444174111651
2021,65 Years and Older,33002.983588419695,16.501491794209848,1.2076545622124608,2415.3091244249213,39856.20369717801,453.77733863226564,8410.793115037362,21584.211118307117,9407.422125201267,0.013749585319052487,0.25484947724509965,0.6540078735754281,0.2850476260728804,27.499170638104975,509.6989544901993,1308.0157471508562,570.0952521457608
2022,25 to 34 Years,49384.41392839627,24.692206964198135,0.8980810926963715,1796.162185392743,44351.208422984026,1426.5208700967548,3974.6156286561363,25457.32025602456,13492.75166820658,0.02888605445768991,0.0804831993029022,0.5154930114779894,0.27321882745778997,57.772108915379825,160.9663986058044,1030.9860229559788,546.43765491558
2022,35 to 44 Years,57824.8873309965,28.912443665498248,0.9228530799533228,1845.7061599066456,53363.87537136399,1453.6831151550148,6181.696307156955,29306.799046823722,16421.6969022283,0.02513940246582688,0.10690373284728069,0.5068198210066219,0.2839901236335933,50.27880493165376,213.8074656945614,1013.6396420132438,567.9802472671867
2022,45 to 54 Years,60114.7671900379,30.05738359501895,0.9647351908307042,1929.4703816614087,57994.83139682457,3200.114871493496,7011.9493495873485,29671.57793449534,18111.189241248387,0.05323342368401974,0.1166427098922435,0.4935821815743879,0.3012768756800532,106.46684736803948,233.285419784487,987.1643631487758,602.5537513601064
2022,55 to 64 Years,49556.11023622047,24.778055118110235,1.0253742561251926,2050.7485122503854,50813.55966992261,1867.1528454863026,6973.50208729708,26073.970280421818,15898.934456717408,0.03767755048945718,0.14071931905180404,0.5261504616914909,0.3208269248924405,75.35510097891436,281.43863810360807,1052.3009233829819,641.653849784881
2022,65 Years and Older,32505.85173218453,16.252925866092266,1.2307027659328684,2461.4055318657365,40005.04163580322,431.57789370346114,8104.059421670381,21416.766809778357,10052.63751065102,0.013276929251361515,0.2493107852838211,0.6588588105991173,0.3092562407985684,26.55385850272303,498.6215705676422,1317.7176211982346,618.5124815971368
2023,25 to 34 Years,48982.5257985258,24.4912628992629,0.9037914412631504,1807.5828825263009,44269.98758815908,1414.749338120514,3834.7855781849844,26021.321493231735,12999.131178621843,0.02888273552776025,0.07828884925122416,0.5312368251539794,0.26538303133018654,57.7654710555205,156.57769850244833,1062.473650307959,530.7660626603731
2023,35 to 44 Years,57942.54407443682,28.97127203721841,0.9178560570541778,1835.7121141083555,53182.91503985049,1441.6874425840217,5964.219452188881,29956.08462577538,15820.923519302212,0.02488132797089363,0.10293333762713028,0.5169963643172418,0.2730450271389121,49.762655941787266,205.86667525426054,1033.9927286344837,546.0900542778242
2023,45 to 54 Years,61039.983896940415,30.519991948470206,0.9455527348690645,1891.1054697381292,57716.52371011567,3173.707788830293,6765.263550743079,30328.945108127224,17448.607262415073,0.051993915892716555,0.11083331152520476,0.4968701361280575,0.2858553713230857,103.98783178543312,221.66662305040953,993.7402722561151,571.7107426461714
2023,55 to 64 Years,52324.41787122208,26.16220893561104,0.966065851181992,1932.131702363984,50548.833288364396,1851.745254972972,6728.168892862596,26651.633261016992,15317.285879511834,0.0353896962510005,0.12858564254688104,0.5093536506533239,0.2927368617307865,70.779392502001,257.1712850937621,1018.7073013066479,585.4737234615731
2023,65 Years and Older,34296.02523659306,17.14801261829653,1.1611575886844236,2322.315177368847,39823.08996518253,428.0165486979553,7818.952346212992,21891.25048897998,9684.870581291605,0.01248006279868466,0.22798421368871494,0.6383028452411601,0.2823904669558639,24.96012559736932,455.96842737742986,1276.6056904823201,564.7809339117277
2024,25 to 34 Years,50610.41936256889,25.305209681284445,0.8777836769488698,1755.5673538977398,44425.0,1418.0,3825.0,26380.0,12802.0,0.028017946064456893,0.07557732277612667,0.5212365424403194,0.25295186566796696,56.03589212891379,151.15464555225333,1042.4730848806387,505.9037313359339
2024,35 to 44 Years,61176.77804295943,30.588389021479713,0.8719648485335545,1743.929697067109,53344.0,1445.0,5949.0,30369.0,15581.0,0.023620073600235946,0.09724278051751117,0.4964138513256508,0.2546881430901566,47.240147200471895,194.48556103502236,992.8277026513016,509.3762861803132
2024,45 to 54 Years,63087.23364485981,31.543616822429904,0.9171427665653287,1834.2855331306573,57860.0,3181.0,6748.0,30747.0,17184.0,0.05042224577332026,0.10696300360841406,0.48737277296204906,0.27238474422154524,100.84449154664051,213.9260072168281,974.7455459240981,544.7694884430905
2024,55 to 64 Years,53027.74855339295,26.513874276696477,0.9555563149919524,1911.1126299839045,50671.0,1856.0,6711.0,27019.0,15085.0,0.03500054312378014,0.1265563819524184,0.50952568677878,0.28447370313697384,70.00108624756028,253.11276390483678,1019.0513735575599,568.9474062739476
2024,65 Years and Older,34549.60013497554,17.27480006748777,1.1565691019256796,2313.1382038513593,39959.0,429.0,7799.0,22193.0,9538.0,0.012416930972399624,0.22573343742131624,0.6423518626351162,0.27606687089684756,24.83386194479925,451.4668748426325,1284.7037252702326,552.1337417936951
