Year,Age Group,Combined Median (2024 $)
1947,25 to 34 Years,24249.540382571733
1947,35 to 44 Years,27771.69179229481
1947,45 to 54 Years,26363.927004737674
1947,55 to 64 Years,22891.688483247268
1947,65 Years and Older,9268.221090909092
1948,25 to 34 Years,24565.219929933828
1948,35 to 44 Years,26839.303116147308
1948,45 to 54 Years,25356.857538275235
1948,55 to 64 Years,20995.11261623235
1948,65 Years and Older,8954.574365821094
1949,25 to 34 Years,24967.088615499906
1949,35 to 44 Years,26390.678383128296
1949,45 to 54 Years,24447.183687113487
1949,55 to 64 Years,21198.897637795275
1949,65 Years and Older,8784.482515691047
1950,25 to 34 Years,26041.080148120254
1950,35 to 44 Years,28216.455317371936
1950,45 to 54 Years,26706.090115092644
1950,55 to 64 Years,21509.091597274793
1950,65 Years and Older,8533.754824614638
1951,25 to 34 Years,27228.888543930458
1951,35 to 44 Years,29196.177720801566
1951,45 to 54 Years,26155.817745803357
1951,55 to 64 Years,22571.635331368052
1951,65 Years and Older,8009.855752316173
1952,25 to 34 Years,27959.444276104477
1952,35 to 44 Years,29263.75763747454
1952,45 to 54 Years,27799.868339046432
1952,55 to 64 Years,23560.672885441778
1952,65 Years and Older,9657.088487351575
1953,25 to 34 Years,29310.224062347785
1953,35 to 44 Years,30704.28001496073
1953,45 to 54 Years,30260.410390408855
1953,55 to 64 Years,25153.737185461323
1953,65 Years and Older,9081.347826086956
1954,25 to 34 Years,28729.164764665966
1954,35 to 44 Years,30854.794007490636
1954,45 to 54 Years,29424.977695167287
1954,55 to 64 Years,24341.548893647396
1954,65 Years and Older,9696.31896053898
1955,25 to 34 Years,30247.359097251712
1955,35 to 44 Years,32246.857177674872
1955,45 to 54 Years,31626.048519443455
1955,55 to 64 Years,25769.773478514486
1955,65 Years and Older,10090.709013031988
1956,25 to 34 Years,31383.336349924586
1956,35 to 44 Years,33973.36977953038
1956,45 to 54 Years,32049.579471572833
1956,55 to 64 Years,26344.19870288561
1956,65 Years and Older,10371.234616369378
1957,25 to 34 Years,31928.872593950506
1957,35 to 44 Years,33977.640317367026
1957,45 to 54 Years,32240.66657680124
1957,55 to 64 Years,25877.218458157848
1957,65 Years and Older,10038.570002495633
1958,25 to 34 Years,31644.951926059177
1958,35 to 44 Years,34284.33215301562
1958,45 to 54 Years,31487.88182831661
1958,55 to 64 Years,26629.482308454128
1958,65 Years and Older,10216.338655327343
1959,25 to 34 Years,33099.1797556719
1959,35 to 44 Years,36245.483392306814
1959,45 to 54 Years,33497.98597833014
1959,55 to 64 Years,27844.783258594918
1959,65 Years and Older,10549.81551524508
1960,25 to 34 Years,33222.89795416846
1960,35 to 44 Years,37157.19566566962
1960,45 to 54 Years,34728.99845916795
1960,55 to 64 Years,27573.668683812404
1960,65 Years and Older,10969.35094055681
1961,25 to 34 Years,33739.162427100135
1961,35 to 44 Years,37949.5383759733
1961,45 to 54 Years,35087.68240343348
1961,55 to 64 Years,28809.687170759382
1961,65 Years and Older,11234.342857142858
1962,25 to 34 Years,34119.5216087934
1962,35 to 44 Years,38809.10934502604
1962,45 to 54 Years,36711.09346806207
1962,55 to 64 Years,30229.17043023532
1962,65 Years and Older,12012.7632126788
1963,25 to 34 Years,35243.88660947407
1963,35 to 44 Years,39659.33667083855
1963,45 to 54 Years,37283.15875998121
1963,55 to 64 Years,30410.24480369515
1963,65 Years and Older,12163.131507031927
1964,25 to 34 Years,36545.7063403782
1964,35 to 44 Years,40736.85415092303
1964,45 to 54 Years,38544.561996967226
1964,55 to 64 Years,30715.849707514626
1964,65 Years and Older,12272.20179807257
1965,25 to 34 Years,38065.358024691355
1965,35 to 44 Years,41904.30797834527
1965,45 to 54 Years,39732.68518518518
1965,55 to 64 Years,31965.799032378116
1965,65 Years and Older,12487.112182129495
1966,25 to 34 Years,39481.69390433019
1966,35 to 44 Years,43820.867279894876
1966,45 to 54 Years,41968.37065105064
1966,55 to 64 Years,33889.52301799523
1966,65 Years and Older,12679.478000247189
1967,25 to 34 Years,40065.9758010307
1967,35 to 44 Years,44251.84387980795
1967,45 to 54 Years,43387.59182085903
1967,55 to 64 Years,34736.79210840413
1967,65 Years and Older,12929.997809952549
1968,25 to 34 Years,41432.76582143618
1968,35 to 44 Years,45926.6304762944
1968,45 to 54 Years,43868.83947939263
1968,55 to 64 Years,36562.62803789647
1968,65 Years and Older,14377.87414599065
1969,25 to 34 Years,42969.02071951345
1969,35 to 44 Years,47653.34257296592
1969,45 to 54 Years,46245.97845792898
1969,55 to 64 Years,37770.21266635458
1969,65 Years and Older,14646.54731277533
1970,25 to 34 Years,42444.29413805064
1970,35 to 44 Years,47689.64236664286
1970,45 to 54 Years,46619.487449905086
1970,55 to 64 Years,37848.00484071433
1970,65 Years and Older,15159.163172706909
1971,25 to 34 Years,42776.191826128044
1971,35 to 44 Years,48153.21216780145
1971,45 to 54 Years,47137.929348683174
1971,55 to 64 Years,37649.72978189539
1971,65 Years and Older,16210.583722481655
1972,25 to 34 Years,44182.91827756299
1972,35 to 44 Years,50946.82626538988
1972,45 to 54 Years,50177.066057070784
1972,55 to 64 Years,40043.054889589905
1972,65 Years and Older,17126.667392606305
1973,25 to 34 Years,45146.621728786675
1973,35 to 44 Years,51850.07267833109
1973,45 to 54 Years,50815.850304972606
1973,55 to 64 Years,40446.82629516761
1973,65 Years and Older,17755.667701046652
1974,25 to 34 Years,42884.87554326353
1974,35 to 44 Years,49434.86161379604
1974,45 to 54 Years,48826.865063187935
1974,55 to 64 Years,38425.04902856447
1974,65 Years and Older,18329.741309620047
1975,25 to 34 Years,42168.567084758644
1975,35 to 44 Years,47979.11541263399
1975,45 to 54 Years,48524.599865847995
1975,55 to 64 Years,37837.841214802414
1975,65 Years and Older,18320.014771048744
1976,25 to 34 Years,42184.627081824765
1976,35 to 44 Years,48587.708248679395
1976,45 to 54 Years,48566.42338007985
1976,55 to 64 Years,38377.92283298097
1976,65 Years and Older,18309.931060896208
1977,25 to 34 Years,42006.98677800974
1977,35 to 44 Years,49393.36378291241
1977,45 to 54 Years,49267.138147728445
1977,55 to 64 Years,38793.33238442268
1977,65 Years and Older,18241.43489401351
1978,25 to 34 Years,40908.106528093536
1978,35 to 44 Years,47861.661385242194
1978,45 to 54 Years,47778.1004151018
1978,55 to 64 Years,38318.89769765421
1978,65 Years and Older,18442.092378142752
1979,25 to 34 Years,40106.31062355658
1979,35 to 44 Years,46401.8140116764
1979,45 to 54 Years,45366.1581920904
1979,55 to 64 Years,36316.06451612903
1979,65 Years and Older,18369.241223103058
1980,25 to 34 Years,38717.654320987655
1980,35 to 44 Years,45686.67207792208
1980,45 to 54 Years,45185.13282732448
1980,55 to 64 Years,35059.18217433889
1980,65 Years and Older,18728.00410677618
1981,25 to 34 Years,37080.93570451436
1981,35 to 44 Years,44689.2471042471
1981,45 to 54 Years,43852.16850167544
1981,55 to 64 Years,34870.75508228461
1981,65 Years and Older,18970.981963927854
1982,25 to 34 Years,35973.73097826087
1982,35 to 44 Years,43576.59543109801
1982,45 to 54 Years,42823.00435413643
1982,55 to 64 Years,34353.11046511628
1982,65 Years and Older,20293.928430987024
1983,25 to 34 Years,35806.908801696714
1983,35 to 44 Years,44265.04042179262
1983,45 to 54 Years,44180.767018216684
1983,55 to 64 Years,34369.82633863965
1983,65 Years and Older,20507.925983037778
1984,25 to 34 Years,37274.66494845361
1984,35 to 44 Years,46294.42799461642
1984,45 to 54 Years,45361.04562737643
1984,55 to 64 Years,35125.78947368421
1984,65 Years and Older,21155.47511312217
1985,25 to 34 Years,37534.05432595574
1985,35 to 44 Years,46716.70542635659
1985,45 to 54 Years,46383.24134705332
1985,55 to 64 Years,35368.321273516645
1985,65 Years and Older,21407.424017790956
1986,25 to 34 Years,38014.75247524752
1986,35 to 44 Years,47972.50543309531
1986,45 to 54 Years,49089.34283088235
1986,55 to 64 Years,36162.65792031098
1986,65 Years and Older,21942.118030412745
1987,25 to 34 Years,38494.77666585306
1987,35 to 44 Years,48610.13525698828
1987,45 to 54 Years,49513.16209034544
1987,55 to 64 Years,36083.85964912281
1987,65 Years and Older,22301.14893617021
1988,25 to 34 Years,38877.23140495868
1988,35 to 44 Years,49350.06968641115
1988,45 to 54 Years,49768.978195810174
1988,55 to 64 Years,36736.81650700074
1988,65 Years and Older,22358.23652173913
1989,25 to 34 Years,38700.71099247755
1989,35 to 44 Years,49740.31879194631
1989,45 to 54 Years,50607.78423236514
1989,55 to 64 Years,38054.009335584466
1989,65 Years and Older,22766.80763983629
1990,25 to 34 Years,37322.87041564792
1990,35 to 44 Years,48478.91181988743
1990,45 to 54 Years,49377.60718660678
1990,55 to 64 Years,37063.54753001378
1990,65 Years and Older,23197.9892400807
1991,25 to 34 Years,36597.907783837385
1991,35 to 44 Years,46958.96397580857
1991,45 to 54 Years,48993.239164086684
1991,55 to 64 Years,36986.4298180005
1991,65 Years and Older,22738.843357567745
1992,25 to 34 Years,36317.31707317073
1992,35 to 44 Years,46291.25064069708
1992,45 to 54 Years,49564.50631031923
1992,55 to 64 Years,36462.61315816484
1992,65 Years and Older,22290.04651162791
1993,25 to 34 Years,36162.306918238995
1993,35 to 44 Years,46447.79151943463
1993,45 to 54 Years,49704.11534353862
1993,55 to 64 Years,35815.884448969206
1993,65 Years and Older,22469.715514389678
1994,25 to 34 Years,36971.93103448276
1994,35 to 44 Years,46141.500493583415
1994,45 to 54 Years,51073.90742001362
1994,55 to 64 Years,36956.1533764185
1994,65 Years and Older,22752.982398956974
1995,25 to 34 Years,37727.572765072764
1995,35 to 44 Years,46931.12781954887
1995,45 to 54 Years,51014.55755156354
1995,55 to 64 Years,39557.20324057767
1995,65 Years and Older,23711.62162162162
1996,25 to 34 Years,39039.04044409199
1996,35 to 44 Years,47470.602582496416
1996,45 to 54 Years,51695.658396946565
1996,55 to 64 Years,39849.36787872783
1996,65 Years and Older,23561.923076923078
1997,25 to 34 Years,40107.48244192328
1997,35 to 44 Years,47374.059616749466
1997,45 to 54 Years,53200.536540240515
1997,55 to 64 Years,41481.94086790653
1997,65 Years and Older,24391.02229299363
1998,25 to 34 Years,41998.060941828255
1998,35 to 44 Years,50245.27875793931
1998,45 to 54 Years,54573.6158861885
1998,55 to 64 Years,42611.12702078522
1998,65 Years and Older,24855.866203849793
1999,25 to 34 Years,43277.07591120855
1999,35 to 44 Years,50561.70162620787
1999,45 to 54 Years,55986.29795575469
1999,55 to 64 Years,43420.454746136864
1999,65 Years and Older,25610.397067806964
2000,25 to 34 Years,44074.9324137931
2000,35 to 44 Years,51477.305785123965
2000,45 to 54 Years,55415.116594360086
2000,55 to 64 Years,43465.29386343993
2000,65 Years and Older,24915.916007303713
2001,25 to 34 Years,43704.278551532036
2001,35 to 44 Years,51005.00239120038
2001,45 to 54 Years,54567.70811099253
2001,55 to 64 Years,44450.418719211826
2001,65 Years and Older,24850.112427833486
2002,25 to 34 Years,43486.32075471698
2002,35 to 44 Years,49876.8917289607
2002,45 to 54 Years,54568.85444035733
2002,55 to 64 Years,45680.957943925234
2002,65 Years and Older,24517.173717371737
2003,25 to 34 Years,42803.90625
2003,35 to 44 Years,50930.117675900954
2003,45 to 54 Years,55005.645661157025
2003,55 to 64 Years,47773.94419306184
2003,65 Years and Older,25095.4351687389
2004,25 to 34 Years,42202.61392228124
2004,35 to 44 Years,51514.47583643123
2004,45 to 54 Years,53800.761614623
2004,55 to 64 Years,47166.99421965318
2004,65 Years and Older,25265.798712697484
2005,25 to 34 Years,41727.474972191325
2005,35 to 44 Years,51222.79661016949
2005,45 to 54 Years,53840.509109059145
2005,55 to 64 Years,48012.69906928646
2005,65 Years and Older,25301.226031377108
2006,25 to 34 Years,42275.98066298343
2006,35 to 44 Years,51783.51023502654
2006,45 to 54 Years,54900.10598964752
2006,55 to 64 Years,48871.207471647765
2006,65 Years and Older,26659.52326249282
2007,25 to 34 Years,42949.37672366244
2007,35 to 44 Years,53262.02157718983
2007,45 to 54 Years,54848.06451612903
2007,55 to 64 Years,48938.48329048843
2007,65 Years and Older,26842.113271344042
2008,25 to 34 Years,41615.47457166168
2008,35 to 44 Years,50545.69746139754
2008,45 to 54 Years,51801.070477113106
2008,55 to 64 Years,47069.7191011236
2008,65 Years and Older,27096.55890410959
2009,25 to 34 Years,40447.46057640022
2009,35 to 44 Years,49666.62972972973
2009,45 to 54 Years,51702.69324258629
2009,55 to 64 Years,46587.85670916818
2009,65 Years and Older,28067.842401500937
2010,25 to 34 Years,40078.5627753304
2010,35 to 44 Years,49881.71052631579
2010,45 to 54 Years,50807.44351669941
2010,55 to 64 Years,46217.831187410586
2010,65 Years and Older,27469.797244606187
2011,25 to 34 Years,39416.867469879515
2011,35 to 44 Years,49454.48456449834
2011,45 to 54 Years,50213.18847777502
2011,55 to 64 Years,45297.76927437642
2011,65 Years and Older,28098.716417910447
2012,25 to 34 Years,40017.78918918919
2012,35 to 44 Years,50023.36101882614
2012,45 to 54 Years,50485.88382573861
2012,55 to 64 Years,45323.42504211117
2012,65 Years and Older,28058.62604540024
2013,25 to 34 Years,39743.661784287615
2013,35 to 44 Years,50253.4375
2013,45 to 54 Years,51816.236668359576
2013,55 to 64 Years,44845.46052631579
2013,65 Years and Older,28889.222170470424
2014,25 to 34 Years,40373.39785508763
2014,35 to 44 Years,50167.78846153846
2014,45 to 54 Years,52241.97054342306
2014,55 to 64 Years,44996.856838176485
2014,65 Years and Older,30334.611748818366
2015,25 to 34 Years,42742.926767032404
2015,35 to 44 Years,52724.354706684855
2015,45 to 54 Years,53497.72854596384
2015,55 to 64 Years,47834.00625978091
2015,65 Years and Older,31111.872414543872
2016,25 to 34 Years,44000.94797398699
2016,35 to 44 Years,54189.173260572985
2016,45 to 54 Years,53670.0025846472
2016,55 to 64 Years,48783.75812743823
2016,65 Years and Older,31155.052631578947
2017,25 to 34 Years,44896.55437205846
2017,35 to 44 Years,55241.53846153846
2017,45 to 54 Years,56166.353734439836
2017,55 to 64 Years,48948.415892672856
2017,65 Years and Older,31768.213197969544
2018,25 to 34 Years,45614.8553212359
2018,35 to 44 Years,56209.368505195846
2018,45 to 54 Years,57704.23863938347
2018,55 to 64 Years,49887.17604543108
2018,65 Years and Older,32909.80757903004
2019,25 to 34 Years,47217.794260700386
2019,35 to 44 Years,59101.90102120974
2019,45 to 54 Years,61547.82151523322
2019,55 to 64 Years,51731.25095153514
2019,65 Years and Older,34857.952263686304
2020,25 to 34 Years,47943.828182039426
2020,35 to 44 Years,58211.47874777297
2020,45 to 54 Years,60834.40980548894
2020,55 to 64 Years,50853.43781597573
2020,65 Years and Older,33585.47851002865
2021,25 to 34 Years,48803.99654406319
2021,35 to 44 Years,59341.82503770739
2021,45 to 54 Years,61301.90488984417
2021,55 to 64 Years,50168.160449667856
2021,65 Years and Older,33002.983588419695
2022,25 to 34 Years,49384.41392839627
2022,35 to 44 Years,57824.8873309965
2022,45 to 54 Years,60114.7671900379
2022,55 to 64 Years,49556.11023622047
2022,65 Years and Older,32505.85173218453
2023,25 to 34 Years,48982.5257985258
2023,35 to 44 Years,57942.544074436824
2023,45 to 54 Years,61039.983896940415
2023,55 to 64 Years,52324.417871222075
2023,65 Years and Older,34296.02523659306
2024,25 to 34 Years,50610.41936256889
2024,35 to 44 Years,61176.77804295943
2024,45 to 54 Years,63087.233644859814
2024,55 to 64 Years,53027.74855339295
2024,65 Years and Older,34549.60013497554
