"Table with row headers in column A and column headers in rows 8 through 10, 92 through 94, 149 through 151, 233 through 235, 317 through 319, 401 through 403, 485 through 487, 569 through 571, and 613 through 615",,,,,,
"Table P-8. Age--All People, by Median Income and Sex: 1947 to 2024",,,,,,
"Information on confidentiality protection, sampling error, nonsampling error, and definitions is available at <https://www2.census.gov/programs-surveys/cps/techdocs/cpsmar25.pdf>.",,,,,,
Footnotes are available at <www.census.gov/topics/income-poverty/income/guidance/cps-historic-footnotes.html>.,,,,,,
"Source: U.S. Census Bureau, Current Population Survey, 1948 to 2025 Annual Social and Economic Supplements (CPS ASEC).",,,,,,
"(People 15 years old and over beginning with March 1980, and people 14 years old and over as of March of the following year for previous years. Income in current and 2024 C-CPI-U (2000-2024) and R-CPI-U-RS (pre-2000) adjusted dollars (28))",,,,,,
15 Years and Over,,,,,,
Age and year,Male,,,Female,,
,Number with income (thousands),Median income,,Number with income (thousands),Median income,
,,"Current
dollars","2024
dollars",,"Current
dollars","2024
dollars"
2024,123000,52480,52480,123400,36910,36910
2023,120600,51350,52680,121200,35410,36330
2022,119400,48450,51650,119700,32790,34950
2021,118200,45920,52720,119300,30940,35520
2020 (41),117900,42700,51210,118400,29410,35280
2019,116600,44310,53700,118700,29410,35640
2018,115200,41620,51180,116900,27080,33300
2017 (40),114700,40400,50680,116500,25900,32490
2017,114800,40400,50680,116600,25490,31980
2016,113200,38870,49620,115400,24890,31780
2015,112300,37140,47840,114400,23770,30620
2014,110400,36300,46720,112600,22240,28620
2013 (39),109900,35630,46510,112100,22130,28880
2013 (38),108700,35230,45990,110000,22060,28800
2012,107500,33900,44790,109400,21520,28430
2011,106200,32990,44420,108300,21100,28420
2010 (37),105200,32210,44720,107200,20780,28850
2009 (36),105000,32180,45300,106200,20960,29500
2008,105400,33160,46490,106400,20870,29250
2007,104800,33200,48240,105200,20920,30410
2006,103900,32270,48090,104600,20010,29830
2005,103000,31280,47970,104200,18580,28490
2004 (35),101800,30520,48160,103400,17670,27880
2003,100800,29930,48420,102700,17260,27920
2002,99790,29240,48290,102500,16810,27770
2001,98870,29100,48660,101900,16610,27780
2000 (30),98500,28340,48460,101700,16060,27460
1999 (29),97060,27290,48270,101000,15300,27070
1998,94950,26490,47830,98690,14430,26050
1997,94170,25210,46140,97450,13700,25080
1996,93440,23830,44550,96560,12820,23950
1995 (25),92070,22560,43290,96010,12130,23270
1994 (24),91250,21720,42660,95150,11470,22520
1993 (23),90190,21100,42350,94420,11050,22170
1992 (22),90180,20460,42070,93520,10710,22030
1991,88650,20470,43170,92570,10480,22090
1990,88220,20290,44350,92250,10070,22010
1989,87450,19890,45590,91400,9624,22060
1988,86580,18910,45230,90590,8884,21250
1987 (21),85710,17790,44120,89660,8295,20580
1986,84470,17110,43890,87820,7610,19520
1985 (20),83630,16310,42520,86530,7217,18810
1984 (19),82180,15600,42050,85560,6868,18510
1983,80910,14630,41090,83830,6319,17750
1982,79720,13950,40820,82510,5887,17230
1981,79690,13470,41810,82140,5458,16940
1980,78660,12530,42600,80830,4920,16730
1979 (18),78130,11780,44460,79920,4352,16430
1978,75610,10940,45190,71860,4068,16810
1977,74020,10120,44690,65410,3941,17400
1976 (17),72780,9426,44310,63170,3576,16810
1975 (16),71230,8853,43990,60810,3385,16820
1974 (16)(15),70860,8452,45490,59640,3082,16590
1973,69390,8056,47630,57030,2796,16530
1972 (14),67470,7450,46740,54490,2599,16300
1971 (13),66490,6903,44750,52600,2408,15610
1970,65010,6670,45090,51650,2237,15120
1969,63880,6429,45580,50220,2132,15110
1968,62500,5980,44190,48540,2019,14920
1967 (12),61440,5553,42660,46840,1801,13840
1966 (11),60090,5306,42060,44070,1638,12980
1965 (10),59160,5023,40940,42160,1521,12400
1964,58530,4647,38590,41700,1449,12030
1963,57690,4511,37820,40360,1372,11500
1962 (9),56620,4372,37190,38990,1342,11420
1961 (8),55840,4189,35990,38080,1279,10990
1960,55170,4080,35400,36530,1261,10940
1959,54290,3997,35210,34380,1223,10770
1958,53540,3743,33310,33340,1176,10460
1957,52880,3677,33570,32700,1200,10960
1956,52020,3601,33950,31820,1149,10830
1955,51450,3358,32180,29790,1120,10730
1954,49710,3193,30430,27720,1160,11050
1953,49670,3221,31040,27380,1166,11230
1952 (7),49240,3105,30080,27150,1147,11110
1951,47500,2952,29090,25180,1045,10300
1950,47590,2570,27330,24650,953,10130
1949 (6),48260,2346,25260,23510,960,10330
1948,47370,2396,25480,22730,1009,10730
1947 (5),46810,2230,25760,21480,1017,11750
15 to 24 Years,,,,,,
Age and year,Male,,,Female,,
,Number with income (thousands),Median income,,Number with income (thousands),Median income,
,,"Current
dollars","2024
dollars",,"Current
dollars","2024
dollars"
2024,14340,19940,19940,13750,17890,17890
2023,14090,18880,19370,13780,15970,16390
2022,13970,18510,19730,13680,15200,16200
2021,13550,16550,19000,13080,14510,16660
2020 (41),13580,14870,17830,12960,13370,16040
2019,13540,14260,17290,13140,12550,15210
2018,13340,15220,18720,13190,12970,15950
2017 (40),13670,13950,17500,13230,11480,14410
2017,13810,13730,17230,13270,11190,14030
2016,13790,12400,15830,13470,10790,13770
2015,13960,11700,15070,13430,10340,13320
2014,13620,11460,14750,13410,9501,12230
2013 (39),14020,11540,15070,13400,9140,11930
2013 (38),13450,11290,14740,13040,10180,13280
2012,13270,10870,14360,13130,9581,12660
2011,13090,10520,14160,12930,9107,12260
2010 (37),12950,9907,13760,12540,8697,12080
2009 (36),13280,10040,14130,12800,8950,12600
2008,13780,10780,15110,13260,8901,12480
2007,14140,11210,16290,13160,8959,13020
2006,14090,10960,16340,13270,8653,12900
2005,14180,10470,16060,13480,8220,12610
2004 (35),14200,10080,15910,13590,7703,12160
2003,14240,9961,16120,13590,7435,12030
2002,14120,9642,15920,13580,7582,12520
2001,14480,9301,15550,13870,7467,12490
2000 (30),14650,9546,16320,14090,7360,12580
1999 (29),14270,8350,14770,13810,6678,11810
1998,14080,8190,14790,13880,6534,11800
1997,13910,7468,13670,13630,6342,11610
1996,14020,6960,13010,13500,5881,10990
1995 (25),13800,6913,13260,13550,5310,10190
1994 (24),13710,7048,13840,13320,5508,10820
1993 (23),13770,6429,12900,13520,5351,10740
1992 (22),14300,6297,12950,13660,5170,10630
1991,13520,6281,13250,13190,5197,10960
1990,13980,6319,13810,13750,4902,10710
1989,14220,6313,14470,14120,4739,10860
1988,14600,5843,13980,14510,4485,10730
1987 (21),14980,5457,13540,14860,4408,10940
1986,15000,5283,13550,14740,4044,10370
1985 (20),15400,4995,13020,14940,3791,9883
1984 (19),15570,4709,12690,15210,3609,9728
1983,15870,4284,12030,15170,3457,9709
1982,16000,4427,12950,15540,3352,9809
1981,16780,3072,9533,16110,1996,6194
1980,16970,4597,15630,16380,3124,10620
1979 (18),17440,4256,16070,16770,2823,10660
1978,17160,3652,15090,16070,2582,10670
1977,16600,3237,14290,15180,2289,10110
1976 (17),16370,2971,13970,14820,2008,9439
1975 (16),15810,2846,14140,14280,1884,9361
1974 (16)(15),16240,2713,14600,14330,1772,9538
25 to 34 Years,,,,,,
Age and year,Male,,,Female,,
,Number with income (thousands),Median income,,Number with income (thousands),Median income,
,,"Current
dollars","2024
dollars",,"Current
dollars","2024
dollars"
2024,21730,55360,55360,20000,45450,45450
2023,21160,52860,54230,19540,42210,43300
2022,21190,51020,54390,19590,41240,43970
2021,20880,47680,54740,19630,37010,42490
2020 (41),21130,43780,52510,19960,35940,43110
2019,21230,42210,51160,19890,35490,43010
2018,21310,41650,51220,19470,32100,39480
2017 (40),21010,40040,50240,19410,30710,38530
2017,20980,40580,50910,19390,30600,38390
2016,20710,38150,48710,19270,30500,38940
2015,20330,37230,47950,18860,28830,37130
2014,19850,36100,46460,18380,26260,33800
2013 (39),19840,34400,44910,18230,25690,33530
2013 (38),19600,34170,44610,17950,26380,34430
2012,19180,34110,45070,17820,26170,34580
2011,18880,32580,43880,17640,25720,34640
2010 (37),18810,31940,44350,17510,25560,35490
2009 (36),19280,31910,44920,17500,25240,35520
2008,19320,33420,46850,17450,25550,35820
2007,19020,32880,47780,17240,25880,37620
2006,19050,32130,47890,17150,24180,36040
2005,18900,31160,47800,17060,22820,35000
2004 (35),18730,30990,48910,17040,22070,34830
2003,18680,30560,49440,17160,21990,35580
2002,18700,30680,50660,17340,21650,35750
2001,18530,30510,51020,17370,21470,35900
2000 (30),18620,30250,51730,17630,21050,35990
1999 (29),18700,29380,51960,17790,19310,34150
1998,18330,28120,50760,17770,18260,32960
1997,18940,26000,47570,18080,17650,32290
1996,19350,25180,47070,18480,16380,30630
1995 (25),19620,23610,45300,18860,15560,29850
1994 (24),19980,22610,44400,19170,14880,29230
1993 (23),20180,21930,44010,19570,13990,28070
1992 (22),20580,21500,44210,19600,13630,28030
1991,20520,21600,45540,19820,12960,27340
1990,20860,21390,46750,20040,12590,27510
1989,21000,21370,48970,20210,12230,28030
1988,20910,20780,49720,20230,11570,27670
1987 (21),20780,19930,49430,20190,10980,27240
1986,20600,19160,49140,19800,10310,26440
1985 (20),20460,18660,48650,19300,9879,25750
1984 (19),19780,18090,48770,19020,9392,25320
1983,19300,16810,47190,18420,8503,23880
1982,18830,16420,48040,17970,7972,23330
1981,18720,16090,49940,17830,7598,23580
1980,18280,15580,52970,17360,6973,23710
1979 (18),17790,14670,55390,16850,6350,23970
1978,16510,13410,55420,14280,5839,24130
1977,16070,12360,54580,12670,5902,26060
1976 (17),15680,11720,55080,11940,5372,25250
1975 (16),15100,11040,54840,11210,5052,25100
1974 (16)(15),14640,10480,56430,10670,4514,24300
1973,14080,10090,59640,9879,4142,24490
1972 (14),13460,9218,57830,9043,3805,23870
1971 (13),12880,8562,55510,8285,3545,22980
1970,12250,8256,55810,7931,3225,21800
1969,11940,7974,56530,7462,3000,21270
1968,11500,7331,54170,7272,2881,21290
1967 (12),11090,6799,52240,6762,2616,20100
1966 (11),10610,6507,51580,6156,2350,18630
1965 (10),10430,6007,48950,5770,2257,18390
1964,10350,5733,47610,5832,2036,16910
1963,10450,5470,45860,5636,1856,15560
1962 (9),10410,5214,44360,5602,1774,15090
1961 (8),10460,5045,43340,5658,1861,15990
1960,10720,4904,42550,5557,1755,15230
1959,10790,4747,41810,5254,1727,15210
1958,10900,4459,39680,5221,1671,14870
1957,10970,4372,39920,5395,1717,15680
1956,11030,4211,39700,5545,1574,14840
1955,11220,3886,37240,5263,1601,15340
1954,11150,3664,34920,5061,1583,15090
1953,11120,3709,35740,5304,1643,15830
1952 (7),11270,3493,33840,5231,1578,15290
1951,11030,3288,32400,5075,1623,15990
1950,10850,2961,31490,5083,1355,14410
1949 (6),11150,2754,29650,4863,1322,14230
1948,10770,2724,28970,4644,1349,14350
1947 (5),10790,2449,28290,4266,1215,14030
35 to 44 Years,,,,,,
Age and year,Male,,,Female,,
,Number with income (thousands),Median income,,Number with income (thousands),Median income,
,,"Current
dollars","2024
dollars",,"Current
dollars","2024
dollars"
2024,21650,70630,70630,20250,51070,51070
2023,21070,64410,66080,19770,48030,49270
2022,20720,61460,65510,19220,46470,49540
2021,20550,60110,69010,19230,42690,49010
2020 (41),20330,56640,67940,18960,39840,47780
2019,19540,57130,69240,18650,40000,48480
2018,19320,53960,66360,18210,36950,45440
2017 (40),19210,53800,67500,18220,35790,44900
2017,19200,52400,65750,18240,35220,44180
2016,18790,51440,65680,17860,32980,42100
2015,18730,49850,64200,17920,31620,40730
2014,18570,46570,59940,17830,31070,39990
2013 (39),18670,46300,60440,18000,30330,39600
2013 (38),18480,45940,59970,17360,30570,39910
2012,18580,45220,59750,17540,30060,39720
2011,18610,43970,59210,17670,29100,39180
2010 (37),18720,42230,58640,17760,29270,40650
2009 (36),19090,42220,59430,17910,27890,39260
2008,19730,44190,61950,18480,27370,38370
2007,20110,45020,65430,18820,27700,40260
2006,20370,42640,63550,19200,26370,39300
2005,20570,40960,62830,19550,25440,39010
2004 (35),20610,40530,63970,19740,24400,38510
2003,20780,39200,63410,20010,23470,37970
2002,20980,37890,62580,20490,22320,36870
2001,21170,38340,64110,20650,22470,37570
2000 (30),21460,37920,64840,20890,22080,37750
1999 (29),21370,36400,64380,21060,20660,36540
1998,21540,35180,63510,20970,20290,36620
1997,21460,32850,60120,20810,18710,34230
1996,21180,32170,60130,20640,18450,34480
1995 (25),20770,31420,60280,20460,17400,33380
1994 (24),20390,30710,60310,20130,16190,31790
1993 (23),19950,30340,60890,19670,15840,31800
1992 (22),19660,29490,60650,19360,15420,31710
1991,19160,29300,61790,18870,15130,31900
1990,18760,29770,65070,18550,14500,31700
1989,18070,29440,67460,17690,13810,31640
1988,17400,28550,68290,17040,12550,30010
1987 (21),16800,27040,67090,16470,12000,29760
1986,16290,26170,67120,15920,11060,28380
1985 (20),15690,25360,66110,15270,10280,26790
1984 (19),15080,24570,66220,14640,9561,25770
1983,14460,22440,63020,13990,8860,24880
1982,13850,21650,63350,13290,7851,22970
1981,13250,21120,65530,12650,7366,22860
1980,12660,20040,68120,11980,6465,21980
1979 (18),12330,18340,69250,11650,5887,22220
1978,11850,16570,68490,10240,5804,23990
1977,11490,15600,68890,8981,5538,24450
1976 (17),11120,14330,67340,8568,5158,24250
1975 (16),11030,13330,66240,8188,4705,23380
1974 (16)(15),10910,12600,67830,7878,4451,23960
1973,10930,12030,71120,7645,4110,24300
1972 (14),10850,11040,69230,7425,3862,24230
1971 (13),10910,9967,64620,7302,3632,23550
1970,10910,9465,63980,7293,3450,23320
1969,11040,9045,64120,7359,3237,22950
1968,11100,8280,61190,7229,3044,22490
1967 (12),11290,7636,58670,7247,2836,21790
1966 (11),11380,7305,57910,6884,2590,20530
1965 (10),11490,6714,54720,6797,2484,20240
1964,11560,6500,53980,6966,2259,18760
1963,11620,6233,52260,6757,2145,17990
1962 (9),11590,5987,50930,6655,2081,17700
1961 (8),11450,5726,49190,6530,2123,18240
1960,11400,5529,47970,6319,2034,17650
1959,11440,5320,46860,6082,1848,16280
1958,11290,4924,43810,5937,1817,16170
1957,11130,4745,43330,5885,1784,16290
1956,11010,4575,43130,5727,1736,16370
1955,10950,4255,40770,5462,1582,15160
1954,10740,4051,38610,5280,1582,15080
1953,10700,3978,38330,5342,1601,15430
1952 (7),10610,3709,35940,5102,1587,15380
1951,10160,3617,35640,4661,1538,15150
1950,9935,3254,34600,4433,1308,13910
1949 (6),9962,2951,31770,4263,1284,13820
1948,9816,3046,32390,4304,1333,14180
1947 (5),9734,2845,32860,3997,1332,15380
45 to 54 Years,,,,,,
Age and year,Male,,,Female,,
,Number with income (thousands),Median income,,Number with income (thousands),Median income,
,,"Current
dollars","2024
dollars",,"Current
dollars","2024
dollars"
2024,19040,74030,74030,18410,51770,51770
2023,18960,70310,72130,18300,48300,49550
2022,18910,65230,69530,18030,47130,50240
2021,18930,61210,70270,18290,45310,52020
2020 (41),19100,60100,72080,18430,41010,49180
2019,18460,61120,74080,18630,40540,49130
2018,19030,56710,69750,18600,36890,45380
2017 (40),19430,52930,66400,19100,35920,45070
2017,19390,53990,67730,19170,35440,44470
2016,19520,51480,65720,19170,32420,41400
2015,19790,51070,65780,19480,31850,41020
2014,19880,50320,64760,19500,30680,39480
2013 (39),19980,48580,63410,19820,30240,39480
2013 (38),19840,48300,63050,19540,30960,40410
2012,20180,46470,61390,19760,29780,39350
2011,20320,45950,61880,19950,28460,38330
2010 (37),20430,45450,63110,20290,27670,38420
2009 (36),20720,44730,62960,20420,28620,40280
2008,20800,45540,63840,20490,28240,39580
2007,20680,45850,66630,20240,29450,42810
2006,20430,45690,68110,20140,27840,41500
2005,20150,43630,66920,19920,26480,40610
2004 (35),19800,41870,66070,19590,26230,41400
2003,19420,42080,68080,19300,25870,41850
2002,18970,40970,67660,19090,25170,41560
2001,18770,41100,68730,18710,24140,40360
2000 (30),18490,41040,70170,18390,23730,40580
1999 (29),17790,40800,72170,17920,22570,39920
1998,16820,38920,70270,16920,21590,38970
1997,16200,37620,68850,16230,20530,37580
1996,15750,36230,67730,15690,19050,35600
1995 (25),14920,35590,68280,15140,17720,34000
1994 (24),14710,34930,68610,14670,17050,33490
1993 (23),14090,33150,66540,14000,16320,32760
1992 (22),13610,32180,66180,13330,15850,32600
1991,12890,31780,67020,12950,14720,31050
1990,12210,31010,67760,12280,14230,31100
1989,12090,30960,70960,12010,13140,30120
1988,11700,29580,70760,11690,12020,28760
1987 (21),11400,28490,70670,11180,11260,27940
1986,10970,27760,71190,10790,10380,26620
1985 (20),10770,25850,67370,10610,9619,25080
1984 (19),10630,24590,66280,10410,8903,24000
1983,10530,23120,64920,10330,8205,23040
1982,10500,21540,63040,10170,7502,21950
1981,10600,21020,65240,10290,7030,21820
1980,10700,19970,67900,10380,6403,21770
1979 (18),10810,18220,68760,10430,5596,21120
1978,10930,16570,68500,9306,5672,23440
1977,11030,15330,67690,8384,5670,25030
1976 (17),11150,14090,66250,8388,5331,25060
1975 (16),11190,13210,65620,8191,5066,25170
1974 (16)(15),11290,12280,66120,8334,4719,25400
1973,11270,11670,69000,8076,4303,25440
1972 (14),11160,10770,67570,7869,4067,25510
1971 (13),11120,9653,62580,7903,3919,25410
1970,11080,9173,62010,7884,3697,24990
1969,10990,8619,61100,7764,3558,25220
1968,10860,7803,57660,7580,3263,24110
1967 (12),10750,7378,56680,7247,3081,23670
1966 (11),10620,6918,54840,6798,2758,21860
1965 (10),10520,6363,51860,6760,2560,20860
1964,10440,6075,50450,6706,2410,20010
1963,10340,5828,48870,6692,2311,19380
1962 (9),10160,5622,47830,6466,2261,19240
1961 (8),10060,5321,45710,6250,2094,17990
1960,10020,5180,44940,6205,2102,18240
1959,9850,4852,42740,5840,2033,17910
1958,9643,4501,40050,5606,1884,16760
1957,9499,4494,41030,5338,1818,16600
1956,9313,4311,40640,5145,1750,16500
1955,9151,4138,39650,4864,1725,16530
1954,8985,3811,36320,4465,1632,15550
1953,8866,3816,36770,4146,1696,16340
1952 (7),8689,3486,33780,4147,1576,15270
1951,8502,3280,32320,4008,1327,13080
1950,8410,3091,32870,3841,1242,13210
1949 (6),8342,2751,29620,3624,1165,12540
1948,8185,2828,30070,3376,1310,13930
1947 (5),8130,2681,30960,3268,1293,14930
55 to 64 Years,,,,,,
Age and year,Male,,,Female,,
,Number with income (thousands),Median income,,Number with income (thousands),Median income,
,,"Current
dollars","2024
dollars",,"Current
dollars","2024
dollars"
2024,18810,64770,64770,19210,41530,41530
2023,19060,61270,62860,18990,40700,41750
2022,19130,56740,60490,18970,36140,38530
2021,19420,52490,60270,19720,35030,40220
2020 (41),19750,51520,61790,19810,33310,39950
2019,19510,53100,64360,19900,32470,39350
2018,18940,50960,62680,19800,30620,37650
2017 (40),18980,49790,62470,19750,29470,36980
2017,19010,48860,61310,19750,29530,37050
2016,18740,47000,60010,19710,29850,38110
2015,18860,46700,60150,19480,27880,35910
2014,18510,43280,55710,19000,26850,34560
2013 (39),17660,46160,60250,18840,26330,34370
2013 (38),18120,41920,54720,18360,26890,35100
2012,17520,42180,55720,18100,26680,35260
2011,17410,41550,55960,17870,25920,34910
2010 (37),17320,41240,57270,17630,25470,35360
2009 (36),16250,41300,58130,16690,25110,35350
2008,15900,41760,58540,16140,25520,35770
2007,15520,42130,61230,15600,25260,36710
2006,14910,41480,61830,15070,24190,36050
2005,14370,40650,62360,14640,22120,33930
2004 (35),13600,39290,62010,14080,20800,32830
2003,13100,38920,62960,13420,20370,32950
2002,12750,36280,59910,12930,19170,31650
2001,11980,35640,59590,12380,17820,29800
2000 (30),11390,34190,58460,11750,16920,28930
1999 (29),11110,33490,59230,11540,15940,28200
1998,10680,32780,59170,10970,14680,26490
1997,10360,31160,57020,10610,14380,26310
1996,9966,29530,55190,10220,13320,24890
1995 (25),9863,28980,55600,10010,12380,23750
1994 (24),9641,27080,53170,10010,10870,21340
1993 (23),9635,25140,50450,10010,10830,21730
1992 (22),9561,25620,52680,9925,10130,20840
1991,9845,25460,53690,10210,9902,20880
1990,9974,24800,54210,10350,9400,20540
1989,9818,24430,55980,10320,9163,21000
1988,9955,22650,54180,10400,8377,20040
1987 (21),10020,21880,54290,10500,7541,18710
1986,10130,21030,53950,10450,7377,18920
1985 (20),10130,20260,52810,10600,7173,18700
1984 (19),10200,19530,52640,10700,6837,18430
1983,10080,18690,52500,10650,6129,17210
1982,10100,17830,52170,10540,5907,17280
1981,10100,17370,53890,10560,5375,16680
1980,10010,15910,54100,10410,4926,16750
1979 (18),9910,15030,56730,10240,4386,16560
1978,9658,13620,56300,8758,4473,18490
1977,9689,12240,54060,7875,4533,20010
1976 (17),9369,11520,54170,7659,4054,19060
1975 (16),9219,10640,52870,7508,3900,19380
1974 (16)(15),9091,9973,53680,7328,3623,19500
1973,8960,9552,56470,7119,3431,20280
1972 (14),8836,8902,55850,7014,3209,20130
1971 (13),8732,7934,51440,6811,3081,19970
1970,8572,7678,51900,6715,2946,19910
1969,8452,7279,51600,6501,2791,19790
1968,8341,6717,49640,6225,2576,19040
1967 (12),8197,6122,47030,6046,2352,18070
1966 (11),8066,5750,45580,5771,2214,17550
1965 (10),7914,5250,42790,5521,2019,16450
1964,7870,4941,41030,5464,1910,15860
1963,7699,4901,41090,5291,1774,14870
1962 (9),7594,4800,40840,5027,1669,14200
1961 (8),7418,4597,39490,4921,1480,12710
1960,7299,4289,37210,4599,1415,12280
1959,7132,4190,36910,4241,1431,12600
1958,7006,3968,35310,4101,1326,11800
1957,6968,3681,33610,3954,1342,12250
1956,6907,3567,33630,3732,1364,12860
1955,6749,3440,32960,3537,1257,12050
1954,6664,3195,30450,3143,1195,11390
1953,6621,3271,31520,3036,1170,11270
1952 (7),6540,3009,29150,3001,1175,11380
1951,6473,2840,27980,2686,968,9538
1950,6482,2494,26520,2765,918,9762
1949 (6),6307,2366,25470,2583,1000,10770
1948,6259,2412,25650,2452,857,9113
1947 (5),6147,2344,27070,2180,962,11110
65 Years and Older,,,,,,
Age and year,Male,,,Female,,
,Number with income (thousands),Median income,,Number with income (thousands),Median income,
,,"Current
dollars","2024
dollars",,"Current
dollars","2024
dollars"
2024,27460,43550,43550,31810,26780,26780
2023,26220,41680,42760,30840,26420,27100
2022,25510,37430,39900,30200,24630,26260
2021,24920,36680,42110,29310,22000,25260
2020 (41),24040,35900,43060,28310,21290,25540
2019,24270,36920,44750,28520,21810,26440
2018,23280,34270,42150,27650,20430,25130
2017 (40),22440,33030,41450,26760,19300,24220
2017,22450,32650,40970,26800,19180,24060
2016,21600,31620,40370,25900,18380,23470
2015,20660,31370,40410,25270,18250,23510
2014,19950,31170,40120,24480,17380,22360
2013 (39),19770,29850,38970,23790,17370,22670
2013 (38),19220,29330,38280,23720,16300,21280
2012,18800,27610,36480,23050,16040,21190
2011,17920,27710,37310,22280,15360,20690
2010 (37),16970,25730,35730,21500,15090,20950
2009 (36),16410,25880,36420,20900,15280,21510
2008,15910,25500,35750,20590,14560,20410
2007,15320,24320,35350,20170,14020,20380
2006,15060,23500,35030,19760,13600,20280
2005,14820,21780,33410,19600,12500,19170
2004 (35),14830,21130,33350,19350,12080,19070
2003,14550,20360,32940,19230,11850,19160
2002,14270,19440,32100,19060,11410,18840
2001,13940,19690,32920,18970,11310,18920
2000 (30),13900,19410,33190,18960,11020,18850
1999 (29),13820,19300,34140,18920,10960,19380
1998,13500,18170,32800,18190,10500,18960
1997,13310,17770,32520,18090,10060,18410
1996,13170,16680,31190,18030,9626,17990
1995 (25),13090,16480,31630,17990,9355,17950
1994 (24),12830,15250,29950,17850,8950,17580
1993 (23),12570,14980,30070,17660,8499,17060
1992 (22),12460,14600,30020,17640,8183,16830
1991,12720,14360,30280,17540,8189,17270
1990,12450,14180,31000,17290,8044,17580
1989,12260,13110,30040,17060,7655,17540
1988,12020,12470,29830,16730,7103,16990
1987 (21),11730,11930,29590,16470,6896,17110
1986,11490,11540,29610,16130,6425,16480
1985 (20),11170,10900,28410,15810,6313,16460
1984 (19),10940,10450,28170,15580,6020,16230
1983,10670,9742,27360,15270,5599,15720
1982,10440,9188,26890,14990,5365,15700
1981,10240,8138,25250,14710,4706,14600
1980,10030,7339,24950,14320,4226,14370
1979 (18),9861,6433,24280,13980,3761,14200
1978,9501,5966,24660,13210,3380,13970
1977,9145,5526,24400,12320,3097,13670
1976 (17),9098,5293,24880,11790,2816,13240
1975 (16),8880,4959,24640,11430,2699,13410
1974 (16)(15),8692,4638,24970,11100,2439,13130
1973,8463,4106,24270,10550,2119,12530
1972 (14),8267,3746,23500,10100,1899,11910
1971 (13),8199,3449,22360,9789,1706,11060
1970,8074,3076,20790,9337,1522,10290
1969,7958,2828,20050,9067,1397,9904
1968,7895,2652,19600,8791,1311,9688
1967 (12),7795,2304,17700,8643,1123,8628
1966 (11),7729,2162,17140,8453,1085,8601
1965 (10),7641,2116,17240,8128,984,8019
1964,7489,2037,16920,7972,952,7906
1963,7420,1993,16710,7583,920,7714
1962 (9),7400,1910,16250,7491,920,7827
1961 (8),7257,1758,15100,7198,854,7337
1960,6719,1698,14730,6571,821,7124
1959,6666,1576,13880,6289,797,7020
1958,6515,1488,13240,5949,776,6905
1957,6341,1421,12970,5680,741,6766
1956,6209,1421,13400,5508,738,6957
1955,6083,1337,12810,4890,700,6708
1954,5859,1268,12080,4531,694,6614
1953,5711,1150,11080,4179,659,6350
1952 (7),5599,1247,12080,4086,654,6337
1951,5003,1008,9932,3524,536,5281
1950,4911,986,10490,3328,531,5647
1949 (6),4682,1016,10940,3125,516,5555
1948,4637,998,10610,2853,589,6264
1947 (5),4270,956,11040,2605,551,6364
..65 to 74 Years,,,,,,
Age and year,Male,,,Female,,
,Number with income (thousands),Median income,,Number with income (thousands),Median income,
,,"Current
dollars","2024
dollars",,"Current
dollars","2024
dollars"
2024,16080,46390,46390,17870,28710,28710
2023,15970,44180,45320,17520,28410,29140
2022,15540,40010,42650,17160,26730,28500
2021,15370,40020,45940,17080,24210,27800
2020 (41),14810,39350,47200,16740,23210,27840
2019,14820,41860,50730,16340,24430,29610
2018,14460,38430,47260,15860,22040,27100
2017 (40),13940,37020,46440,15310,21140,26520
2017,13970,36590,45900,15390,20690,25960
2016,13320,36190,46200,14810,20120,25690
2015,12620,36000,46360,14290,19810,25520
2014,12240,35060,45120,13750,19140,24630
2013 (39),12260,32220,42060,13120,19280,25170
2013 (38),11680,33600,43870,13060,17960,23450
2012,11320,31760,41960,12540,17240,22770
2011,10750,31240,42060,11890,16470,22190
2010 (37),9776,29320,40710,11240,16110,22360
2009 (36),9530,28950,40750,10730,16110,22670
2008,9191,28990,40650,10510,14830,20790
2007,8714,27790,40380,10140,14440,20990
2006,8517,26270,39160,9781,14080,20990
2005,8318,24320,37310,9625,12840,19690
2004 (35),8281,24210,38210,9526,12290,19390
2003,8230,23160,37470,9521,12140,19650
2002,8142,21290,35160,9485,11280,18630
2001,8041,21700,36280,9563,11200,18730
2000 (30),8062,21470,36700,9643,10910,18650
1999 (29),8080,21460,37960,9731,10980,19420
1998,7902,19730,35630,9545,10450,18870
1997,7843,19650,35960,9571,10140,18560
1996,7947,18610,34780,9642,9656,18050
1995 (25),8131,18350,35200,9826,9277,17800
1994 (24),8010,16600,32600,9875,8826,17330
1993 (23),7843,16290,32680,9930,8647,17350
1992 (22),7841,15810,32510,9956,8215,16900
1991,8223,15340,32340,10010,8135,17160
1990,8097,15970,34900,9914,8190,17900
1989,7966,14470,33150,9850,7948,18210
1988,7837,13940,33350,9744,7256,17360
1987 (21),7690,13410,33270,9629,6986,17330
..75 Years and Over,,,,,,
Age and year,Male,,,Female,,
,Number with income (thousands),Median income,,Number with income (thousands),Median income,
,,"Current
dollars","2024
dollars",,"Current
dollars","2024
dollars"
2024,11380,40130,40130,13940,25080,25080
2023,10260,38540,39540,13330,24340,24970
2022,9967,33420,35630,13030,22410,23890
2021,9551,32300,37090,12240,20110,23090
2020 (41),9228,31380,37640,11570,19360,23230
2019,9445,31150,37750,12180,19620,23780
2018,8821,29890,36760,11790,18880,23230
2017 (40),8498,28070,35220,11450,17600,22080
2017,8481,28330,35550,11410,17780,22310
2016,8282,26380,33680,11080,16950,21640
2015,8040,26170,33700,10980,16680,21480
2014,7712,26100,33600,10730,15960,20540
2013 (39),7503,25750,33620,10670,15780,20600
2013 (38),7540,24200,31590,10660,14950,19520
2012,7479,23570,31140,10510,14920,19710
2011,7169,23620,31810,10390,14590,19650
2010 (37),7190,22000,30540,10260,14390,19990
2009 (36),6876,22760,32040,10170,14710,20710
2008,6722,21910,30720,10080,14380,20160
2007,6604,20800,30230,10030,13700,19910
2006,6547,20640,30760,9975,13300,19830
2005,6502,19440,29820,9973,12290,18850
2004 (35),6553,18730,29550,9824,11940,18850
2003,6324,17780,28760,9704,11630,18820
2002,6131,17510,28910,9575,11500,19000
2001,5900,17520,29300,9407,11400,19060
2000 (30),5838,17190,29400,9313,11110,19000
1999 (29),5738,16980,30030,9192,10940,19360
1998,5599,16480,29750,8648,10550,19040
1997,5465,15410,28190,8522,9996,18290
1996,5227,14490,27090,8384,9598,17940
1995 (25),4960,14160,27170,8163,9427,18090
1994 (24),4819,13660,26830,7972,9062,17800
1993 (23),4726,13420,26940,7724,8365,16790
1992 (22),4622,12890,26500,7684,8151,16760
1991,4494,13040,27490,7532,8241,17380
1990,4352,11680,25530,7370,7891,17250
1989,4294,10850,24860,7211,7377,16910
1988,4182,10230,24470,6983,6944,16610
1987 (21),4040,9698,24060,6837,6798,16860
